7000141000000,63000700000376,7000141000107,7000141000000,63,0.0,7000141000001,-1,-1,7000141000000,7000141000108,1006,98.37306,71.52058,87.528786,29950,20.841705,16.206245,39.727406,145473,2,1,4,-27.74332,14.504747,-181.30084,94.63826,170.75336,0.7460384,-0.1242086,0.6019553,18920194,7,376,0.07207147,245
123000000,63000000000590,123000154,123000000,63,0.0,123000001,-1,-1,123000000,123000192,1018,93.63945,64.11893,80.2132,3490,4.539743,27.54079,23.570889,27840,0,3,2,67.34064,-60.959835,-157.90146,86.40684,156.4681,0.37685314,0.8740015,1.7016584,2103246,0,590,0.089840285,595
126000000,63000000000598,126000117,126000000,63,0.0,126000001,-1,-1,126000000,-1,1021,95.0165,68.76647,85.721405,3327,8.590529,16.445427,23.230328,25380,0,1,2,-145.10059,-89.72909,296.50156,89.0355,167.83868,-0.13888761,0.052097414,-0.4968567,1991574,0,598,0.072963335,405
8001043,63000000000203,8001158,8000000,63,0.0,8001044,-1,-1,8000000,8000657,1022,0.0,0.0,0.0,2714,26.139713,22.437965,24.11731,31384,2,2,2,129.45906,220.71674,237.68979,101.45248,180.17406,-0.40331247,1.3478143,0.5540307,1693175,0,203,0.058828615,840
6001120,63000000000141,6001288,6000000,63,0.0,6001121,-1,-1,6000000,6001343,1026,0.0,0.0,0.0,1140,16.96985,5.4177938,28.58963,22919,1,0,3,6.176165,428.16467,214.08237,125.33269,209.00052,-0.45371807,0.60890245,0.3020755,537703,0,141,0.044120446,423
125000000,63000000000597,125000168,125000000,63,0.0,125000001,-1,-1,125000000,-1,1027,96.479614,67.73368,81.93452,3027,21.428787,27.267475,20.16207,30035,2,3,2,100.82881,-105.779686,225.00752,86.212555,157.52652,0.9770551,-0.673851,-0.12281207,1842557,0,597,0.07902824,370
3000233000000,63000300001202,3000233000113,3000233000000,63,0.0,3000233000001,-1,-1,3000233000000,3000233000114,1033,99.319786,65.58204,81.41812,14314,38.52027,19.22838,9.524759,43103,4,2,1,378.4338,104.13634,258.6531,87.80671,165.66576,-1.0862362,0.27654493,0.041293193,8307709,3,1202,0.08083492,999
7000055003518,63000700000354,7000055003676,7000055000000,63,0.0,7000055003519,-1,-1,7000055003518,-1,1035,103.36487,66.95909,84.946815,32112,2.1551654,9.529461,34.35886,132142,0,1,3,-342.55197,407.5672,-96.85711,83.946686,158.1089,-1.781532,1.38552,-0.5842021,353210,7,354,0.08776935,543
4000127000000,63000400000520,4000127000107,4000127000000,63,0.0,4000127000001,-1,-1,4000127000000,-1,1038,96.65175,73.58615,85.89354,18032,37.4717,27.56261,34.302567,173292,4,3,3,6.155474,71.97024,-174.97752,92.07534,170.49556,0.6012596,-0.69544005,-0.25976747,10826181,4,520,0.07012854,594
7000143000000,63000700000379,7000143000137,7000143000000,63,0.0,7000143000001,-1,-1,7000143000000,-1,1041,96.99601,67.99188,83.827965,29325,1.9930989,21.105724,32.016552,139402,0,2,3,-134.3106,-243.1817,-170.45444,85.29935,158.71022,-0.62148684,-0.0955435,0.34209278,17603401,7,379,0.082181625,551
7000859,63000000000192,7001011,7000000,63,0.0,7000860,-1,-1,7000000,7000785,1044,0.0,0.0,0.0,3131,12.29526,27.79232,21.977974,26592,1,3,2,-257.97565,82.7556,279.90857,140.33318,249.62695,-0.34290937,0.21788158,-0.15239215,1849660,0,192,0.031572133,105
120000000,63000000000585,120000114,120000000,63,0.0,120000001,-1,-1,120000000,-1,1045,100.61077,73.41402,86.66813,2854,16.738022,22.399988,22.14894,29105,1,2,2,30.56867,158.75804,-28.217402,97.30171,175.98439,0.50540334,-1.073421,-0.83843607,1712833,0,585,0.06672639,717
38000300,63000000000386,38000383,38000000,63,0.0,38000301,-1,-1,38000000,38000144,1046,0.0,0.0,0.0,2622,29.978462,30.604858,21.00274,30686,3,3,2,105.58002,-247.13321,173.72845,106.554245,193.20203,0.11523924,0.050547425,-0.061646458,3891944,0,386,0.054284547,989
3000238000000,63000300001213,3000238000105,3000238000000,63,0.0,3000238000001,-1,-1,3000238000000,-1,1048,96.82388,77.975494,87.27059,14569,39.4082,16.827034,22.163513,58146,4,1,2,32.38571,-114.571724,-461.81543,93.74813,180.52744,-1.0114659,0.47032076,2.2740479,8899862,3,1213,0.065486714,236
7000137000000,63000700000371,7000137000113,7000137000000,63,0.0,7000137000001,-1,-1,7000137000000,-1,1050,99.23372,60.590233,83.053375,30138,27.636526,27.875261,35.726215,145344,3,3,4,33.560017,103.124146,-195.96857,84.90567,159.03539,-0.73122144,-0.24471225,1.6121255,18117401,7,371,0.09129629,327
2001595,63000000000078,2001786,2000000,63,0.0,2001596,-1,-1,2000000,2001839,1052,0.0,0.0,0.0,2499,27.958858,29.900555,8.800137,16084,3,3,0,267.36557,-275.33713,52.077236,120.660805,226.746,0.4511979,0.11178906,-0.39780295,1458589,0,78,0.038771104,984
110000000,63000000000563,110000100,110000000,63,0.0,110000001,-1,-1,110000000,110000101,1054,110.852585,83.7419,101.12717,3460,3.2526107,24.490198,27.06009,27695,0,2,3,-72.43689,-123.538185,-256.88226,93.316666,160.40569,3.5577638,-0.025566794,-0.24776769,17595500,0,563,0.08340603,659
3000230000000,63000300001197,3000230000122,3000230000000,63,0.0,3000230000001,-1,-1,3000230000000,3000230000123,1054,107.496025,71.34844,91.40174,14357,38.375053,17.88961,22.116701,57721,4,2,2,14.844445,-96.40192,-446.72705,87.35472,159.38828,1.1345793,1.3172975,-1.1837124,8899508,3,1197,0.08225461,370
115000000,63000000000576,115000111,115000000,63,0.0,115000001,-1,-1,115000000,115000159,1057,106.89356,83.65583,98.286995,195,13.43048,6.807085,1.666012,725,1,0,0,-99.14436,47.949486,-2.0288324,99.934105,166.10863,1.0867121,-0.8662996,1.903431,1026571,0,576,0.07302577,824
121000000,63000000000586,121000123,121000000,63,0.0,121000001,-1,-1,121000000,-1,1060,99.83618,79.86894,90.19682,2979,21.401203,27.84106,26.750122,31973,2,3,2,66.14558,-108.81968,-128.31982,96.32286,184.66762,-0.37562883,-0.13984883,-0.2620076,1796100,0,586,0.06371632,688
119000000,63000000000584,119000128,119000000,63,0.0,119000001,-1,-1,119000000,-1,1064,96.30749,69.88532,84.68862,2687,29.719425,24.468712,23.563065,32330,3,2,2,141.26065,-241.22577,-173.06882,90.52303,170.14575,-0.547814,0.04577474,1.0202954,1592350,0,584,0.07731609,549
5000155000000,63000500000612,5000155000098,5000155000000,63,0.0,5000155000001,-1,-1,5000155000000,5000155000099,1084,103.70914,76.51238,92.43453,22617,39.820927,38.981617,32.09696,230034,4,4,3,-134.03947,15.5561495,-171.05013,93.60054,168.66599,1.5798234,-1.5603509,0.37529695,13586833,5,612,0.0783303,828
118000000,63000000000583,118000115,118000000,63,0.0,118000001,-1,-1,118000000,-1,1085,101.38536,82.70911,92.60666,3655,1.4456772,21.432177,15.168012,10663,0,2,1,-199.36076,9.622592,226.8602,98.38317,169.3528,0.55031866,-0.6147237,-0.62451106,2213128,0,583,0.0705197,399
6000104000000,63000600000408,6000104000129,6000104000000,63,0.0,6000104000001,-1,-1,6000104000000,-1,1087,102.84848,79.61075,91.83207,27040,7.2283106,35.418293,34.15058,196841,0,3,3,-18.614544,-12.872083,-160.44754,97.82114,177.4568,0.28787133,-0.32876962,-0.03800366,16056072,6,408,0.067267604,794
1000087000000,63000100000522,1000087000126,1000087000000,63,0.0,1000087000001,-1,-1,1000087000000,1000087000127,1112,121.955055,63.4304,80.81567,8068,20.999104,33.47252,6.755542,70001,2,3,0,258.49033,-247.48732,191.77602,84.814926,155.18286,-1.383195,-3.8546221,0.0577552,4869232,1,522,0.09225237,110
7000129000000,63000700000355,7000129000161,7000129000000,63,0.0,7000129000001,-1,-1,7000129000000,7000129000162,1113,109.045204,84.08616,97.42634,29268,7.6543527,28.532347,34.15661,140523,0,3,3,21.598362,-101.35931,-144.6865,95.92907,160.86598,0.25539812,-0.063244425,-0.73934096,16237840,7,355,0.08139108,169
7000080000202,63000700000250,7000080000318,7000080000000,63,0.0,7000080000203,-1,-1,7000080000000,7000080000135,1122,0.0,0.0,0.0,31830,8.209453,1.9415877,32.148502,131586,0,0,3,-143.03561,288.9377,159.77194,93.658035,158.2857,0.805071,-2.1994655,-0.43034708,3298097,7,250,0.0839938,396
1000102000000,63000100000555,1000102000130,1000102000000,63,0.0,1000102000001,-1,-1,1000102000000,1000102000131,1127,107.0657,83.139435,98.20093,6106,13.851926,39.158024,27.172646,85612,1,4,3,11.882679,-32.455147,-207.14233,97.650635,183.19917,0.13315159,-0.48297596,0.36076394,16031932,1,555,0.068977624,291
3000231000000,63000300001199,3000231000111,3000231000000,63,0.0,3000231000001,-1,-1,3000231000000,-1,1133,107.92635,78.49189,92.692726,13917,33.645275,25.285948,5.1943216,42254,3,2,0,-18.863361,-0.0057652215,169.99025,94.54042,173.7974,1.6339643,0.53951436,-1.3434227,8344076,3,1199,0.07484834,595
3000063000752,63000300000542,3000063000864,3000063000000,63,0.0,3000063000753,-1,-1,3000063000000,3000063000546,1135,0.0,0.0,0.0,14350,34.688324,16.626581,22.067596,57643,3,1,2,278.45282,-335.92487,-107.37652,96.67237,182.7027,-0.9014802,0.93942696,-0.14116132,1668265,3,542,0.068865806,152
3000054000841,63000300000437,3000054001052,3000054000000,63,0.0,3000054000842,-1,-1,3000054000000,3000054001096,1141,0.0,0.0,0.0,15079,37.170494,11.658574,22.098206,50554,4,1,2,188.67406,487.26355,80.90195,111.06622,196.16125,1.667221,-0.87438184,0.91366,8946245,3,437,0.05662416,203
106000289,63000000000545,106000437,106000000,63,0.0,106000290,-1,-1,106000289,106000438,1146,124.27883,82.53698,106.11897,5998,10.61906,31.331745,22.545258,82732,1,3,2,-364.45016,-171.30669,91.36745,92.37758,174.46068,0.24753383,1.1503474,0.21121404,1886524,0,545,0.07504675,887
6000095000000,63000600000389,6000095000152,6000095000000,63,0.0,6000095000001,-1,-1,6000095000000,6000095000153,1152,106.5493,65.58204,88.647644,27099,2.46442,39.98209,35.845387,197896,0,4,4,23.039751,30.551956,-176.2093,88.97485,157.5435,0.9142887,1.3234009,0.44722015,16224345,6,389,0.10547561,69
1000100000000,63000100000551,1000100000082,1000100000000,63,0.0,1000100000001,-1,-1,1000100000000,1000100000083,1160,113.77882,89.68043,102.93454,6209,17.062511,38.956253,28.976786,88471,1,4,3,7.449561,-42.32125,-163.59613,104.99393,189.66122,-0.46556044,-0.13756633,0.9506545,15954993,1,551,0.06661646,840
63000000,63000000000456,63000069,63000000,63,0.0,63000001,-1,-1,63000000,63000107,1162,113.52062,68.59434,81.245995,3458,3.7214031,25.956352,24.721975,27677,0,2,2,-43.969666,-115.75441,-116.60336,92.948746,180.90384,-2.659749,1.1422799,0.7808071,2102887,0,456,0.08649716,199
15000323,63000000000270,15000468,15000000,63,0.0,15000324,-1,-1,15000000,15000513,1166,0.0,0.0,0.0,3103,13.303762,25.320297,18.85893,26215,1,2,2,-158.63998,147.62619,191.74225,103.85689,186.30916,-0.38133806,-0.9125982,-1.37919,2269049,0,270,0.06549249,865
2000144000000,63000200000799,2000144000161,2000144000000,63,0.0,2000144000001,-1,-1,2000144000000,-1,1175,113.434555,80.04108,96.99601,8418,38.496475,36.44599,10.337578,100587,4,4,1,102.4372,-296.9602,151.74689,94.2472,177.5141,-0.45131272,-1.4216788,-0.8141966,5201821,2,799,0.07987077,309
79000000,63000000000499,79000154,79000000,63,0.0,79000001,-1,-1,79000000,79000193,1178,111.02472,83.91403,100.26651,3034,15.91628,26.894478,22.237593,30002,1,3,2,-19.479933,-99.64771,-136.80638,92.37866,163.86517,1.0446172,-0.99776715,0.25478888,1802850,0,499,0.082366094,120
3000213000000,63000300001162,3000213000091,3000213000000,63,0.0,3000213000001,-1,-1,3000213000000,3000213000092,1178,117.135376,78.06156,97.85667,14430,34.580624,23.730198,21.972748,58665,3,2,2,-13.765559,-188.11214,-96.859436,88.96966,156.92264,1.2566372,0.21984437,0.69254786,8667544,3,1162,0.09224559,738
12000398,63000000000242,12000550,12000000,63,0.0,12000399,-1,-1,12000000,12000588,1179,0.0,0.0,0.0,3549,1.8696905,25.754648,19.986467,25873,0,2,2,32.568485,42.002163,153.90932,114.503716,197.32428,-0.33533204,-0.057520095,-0.959618,2143518,0,242,0.056861572,469
926001124,63000000000182,926001237,926000000,63,0.0,926001125,-1,-1,926000013,926001238,1182,0.0,0.0,0.0,29802,22.587318,25.66744,31.531546,144473,2,2,3,542.61365,-173.77188,-209.26012,128.09212,222.9543,-0.3606901,-0.23550436,-0.8325177,17911320,0,182,0.045695286,264
27000729,63000000000566,27000831,27000000,63,0.0,27000730,-1,-1,27000729,27000832,1183,117.135376,90.19682,104.31159,1455,25.773157,1.1330036,27.75331,23306,2,0,3,319.94928,-314.8504,-185.49382,105.29894,200.03342,-0.35231048,1.947078,1.3779769,704484,0,566,0.058978494,883
100000000,63000000000542,100000094,100000000,63,0.0,100000001,-1,-1,100000000,100000126,1184,127.20506,87.78699,107.151764,2471,30.23076,24.96722,4.654574,14154,3,2,0,309.49744,-48.805122,31.353527,95.87321,179.46648,-1.0996114,1.1760243,0.30558488,1469881,0,542,0.071038045,356
7000015000000,63000400000485,7000015000187,7000015000000,63,0.0,7000015000001,-1,-1,7000015000000,7000015000188,1187,111.885376,92.0042,103.36487,29249,0.16945109,27.910429,37.162777,140704,0,3,4,-34.325153,-134.90678,-165.49817,112.41906,164.66455,-1.940544,-0.07810912,-0.50480694,16218648,4,485,0.081501536,867
3000001000000,63000000000572,3000001000089,3000001000000,63,0.0,3000001000001,-1,-1,3000001000000,3000001000090,1194,113.434555,88.04518,100.868965,13896,31.469494,27.679047,1.0109888,42116,3,3,0,181.75497,-258.40182,284.65878,97.085815,182.0953,-1.8250352,2.0968068,-0.43327168,14763710,0,572,0.07460289,240
113000000,63000000000570,113000155,113000000,63,0.0,113000001,-1,-1,113000000,113000156,1196,111.971436,77.889435,94.586174,1088,17.035542,0.0964335,25.318277,22533,1,0,2,185.16939,114.98357,-28.755459,92.24571,164.10757,-1.0786302,-1.3775696,0.542036,3283031,0,570,0.088456705,785
114000000,63000000000574,114000137,114000000,63,0.0,114000001,-1,-1,114000000,-1,1197,112.74603,84.00009,100.43864,937,9.526095,0.9795065,29.843613,19235,1,0,3,-16.048084,215.94534,123.58074,93.64029,170.24509,1.3257821,-0.6896735,1.0114233,3294972,0,574,0.081531756,631
1000030000264,63000100000310,1000030000373,1000030000000,63,0.0,1000030000265,-1,-1,1000030000000,1000030000418,1198,0.0,0.0,0.0,6263,16.706263,34.04917,24.269085,88081,1,3,2,7.335917,-236.89842,-48.756557,103.90717,177.13211,0.9179663,0.5432502,-1.4719983,3766829,1,310,0.072862506,594
7000004000000,63000000000575,7000004000066,7000004000000,63,0.0,7000004000001,-1,-1,7000004000000,-1,1199,109.389465,83.91403,98.80339,31921,12.91967,14.031799,31.254633,132817,1,1,3,-208.08798,-167.60243,-51.847023,95.00315,176.38829,0.3901211,-0.47989768,0.635022,17947271,0,575,0.07451307,627
3000223000000,63000300001182,3000223000120,3000223000000,63,0.0,3000223000001,-1,-1,3000223000000,-1,1205,112.83209,93.381256,105.43045,13904,32.45197,28.001354,5.7912006,42373,3,3,0,230.11118,-149.56665,203.82257,99.26036,178.13364,1.8803806,-0.29356688,-0.35578722,4919505,3,1182,0.0716934,620
102000000,63000000000548,102000164,102000000,63,0.0,102000001,-1,-1,102000000,102000165,1245,130.3895,86.15173,109.303406,2423,21.92535,30.488533,2.717564,13562,2,3,0,218.165,-55.914234,195.56137,97.26009,173.0487,-0.6011078,0.1698706,0.6039163,18255632,0,548,0.08063522,618
107000000,63000000000557,107000157,107000000,63,0.0,107000001,-1,-1,107000000,107000158,1249,122.21326,88.647644,107.0657,2610,24.879597,28.356092,20.042862,30595,2,3,2,100.79514,-119.58279,-58.96974,96.58705,179.0645,0.17823629,0.36552155,1.8966916,1569114,0,557,0.07617236,541
112000000,63000000000569,112000126,112000000,63,0.0,112000001,-1,-1,112000000,-1,1249,114.209145,84.34436,101.98782,2864,17.441908,18.871925,19.435072,28727,1,2,2,83.44614,189.01697,165.3371,96.1892,176.20341,-1.812327,0.04565124,0.46672538,734727,0,569,0.08246251,139
111000000,63000000000568,111000128,111000000,63,0.0,111000001,-1,-1,111000000,-1,1250,114.63947,88.81977,103.106674,3979,5.819452,19.240297,0.15958601,8275,0,2,0,-166.02042,-27.504473,6.0833254,98.37134,187.44577,-0.55547637,-0.30935398,-0.03151302,2379464,0,568,0.073089026,174
95000000,63000000000530,95000137,95000000,63,0.0,95000001,-1,-1,95000000,95000138,1251,123.15997,92.60666,106.29111,2663,24.252817,24.219362,26.374697,32292,2,2,2,123.04253,-196.407,-178.9772,99.743225,159.19655,-2.2677858,-3.1246326,0.12422769,1793610,0,530,0.095619865,90
99000000,63000000000539,99000130,99000000,63,0.0,99000001,-1,-1,99000000,99000131,1253,119.45915,87.09846,104.914055,2755,30.729544,17.686571,22.53617,29565,3,1,2,336.6344,-57.266495,120.78671,93.94438,178.96774,0.08605594,-0.76187146,0.7448629,1681608,0,539,0.07631229,590
7000119000000,63000700000342,7000119000114,7000119000000,63,0.0,7000119000001,-1,-1,7000119000000,7000119000115,1253,125.56982,95.87716,113.69275,32080,4.9901214,14.606309,34.281757,132341,0,1,3,-84.416504,-465.12637,-208.82803,102.51527,195.51715,1.087679,1.179777,-1.7212285,17621695,7,342,0.06449148,941
87000000,63000000000516,87000154,87000000,63,0.0,87000001,-1,-1,87000000,87000155,1259,114.03702,88.81977,104.0534,1115,19.724178,1.0238835,25.865282,22626,2,0,2,189.91298,-124.23327,6.4626102,95.466156,185.52884,1.8382685,-0.6157944,-1.5549291,653302,0,516,0.07086907,140
91000000,63000000000523,91000145,91000000,63,0.0,91000001,-1,-1,91000000,91000146,1260,120.49194,87.959114,99.750114,3119,10.047771,27.268232,22.504547,26430,1,3,2,7.0008845,163.85216,-123.11623,98.43004,185.2099,-1.7519193,0.524517,0.17144816,1904720,0,523,0.080552466,876
109000000,63000000000562,109000149,109000000,63,0.0,109000001,-1,-1,109000000,-1,1260,118.85669,98.0288,109.5616,858,10.814549,15.068509,25.204874,20127,1,1,2,-132.70818,-48.21836,135.91498,121.99675,203.20178,1.5723959,-0.422771,0.11497924,497993,0,562,0.0588072,62
92000000,63000000000525,92000156,92000000,63,0.0,92000001,-1,-1,92000000,92000197,1261,131.76654,72.12303,107.92635,1183,23.430025,9.991132,25.590992,23673,2,1,2,187.89595,-62.699333,-32.546795,88.763954,155.09291,-1.438594,-0.3124105,-1.4063826,708304,0,525,0.10673049,703
105000000,63000000000554,105000089,105000000,63,0.0,105000001,-1,-1,105000000,105000090,1261,121.69686,84.08616,108.614876,2602,24.722273,25.0011,20.595531,30471,2,2,2,35.038494,51.685974,156.55266,89.733,151.77965,-0.34853762,-2.4226425,2.4260309,1550567,0,554,0.1037816,524
103000000,63000000000550,103000114,103000000,63,0.0,103000001,-1,-1,103000000,103000115,1265,125.311615,75.393524,105.08618,3742,9.920888,22.54909,8.429544,10906,1,2,0,-29.344631,-32.42675,151.60374,92.000694,167.32413,-0.25652733,-0.44941413,2.054416,2325018,0,550,0.09251899,542
7000124000000,63000700000348,7000124000108,7000124000000,63,0.0,7000124000001,-1,-1,7000124000000,7000124000109,1265,123.762436,88.303375,105.08618,29884,19.395237,17.060085,38.08994,143663,2,1,4,-76.037094,-41.218872,-178.79051,95.752235,174.10223,-0.7507576,-0.2405901,-1.2630748,17988362,7,348,0.0817508,275
7000128000000,63000700000353,7000128000145,7000128000000,63,0.0,7000128000001,-1,-1,7000128000000,-1,1269,119.11489,87.78699,106.63537,32084,7.418875,12.630459,34.909924,132333,0,1,3,-70.58209,-353.42734,-272.77502,93.38634,174.41774,0.9019467,0.73127663,1.1735182,17684909,7,353,0.08614894,731
3000080000347,63000300000700,3000080000552,3000080000000,63,0.0,3000080000348,-1,-1,3000080000000,3000080000553,1275,0.0,0.0,0.0,14329,32.9523,18.634254,11.993152,43283,3,2,1,23.112795,89.806114,104.11871,143.3203,238.9071,0.6159694,-1.0878166,0.46309742,1190676,3,700,0.04230904,893
3000218000000,63000300001173,3000218000131,3000218000000,63,0.0,3000218000001,-1,-1,3000218000000,-1,1282,121.78293,94.06978,108.270615,13740,36.206684,2.9471743,3.0471416,32887,4,0,0,186.91927,95.88438,134.61967,100.02618,184.40964,-1.1722343,-0.105735585,1.7359343,965621,3,1173,0.07321587,350
1002015,63000000000032,1002258,1000000,63,0.0,1002016,-1,-1,1000000,1002366,1298,0.0,0.0,0.0,2472,31.23925,24.913029,2.8354678,13931,3,2,0,129.69705,-341.18945,476.52585,132.78136,207.59036,-0.3533858,-0.869288,1.3044758,18192210,0,32,0.060624864,953
104000000,63000000000552,104000106,104000000,63,0.0,104000001,-1,-1,104000000,104000107,1298,117.30751,77.28697,95.18863,3208,15.011868,23.312265,27.858799,27611,1,2,3,-15.482852,-26.550415,-142.56259,91.01638,170.3167,0.6843317,-2.3438616,2.894627,17766387,0,552,0.09401234,925
106000000,63000000000556,106000092,106000000,63,0.0,106000001,-1,-1,106000000,-1,1298,125.56982,95.705025,112.48783,3162,11.281892,30.66629,23.686016,28315,1,3,2,-349.9008,-166.0804,-8.559151,97.79058,186.82463,-0.61404365,0.19109358,0.018704845,3580378,0,556,0.07481504,471
3000210000000,63000300001158,3000210000210,3000210000000,63,0.0,3000210000001,-1,-1,3000210000000,3000210000211,1310,124.79523,94.32797,110.16406,14422,32.531887,30.283716,23.110746,58807,3,3,2,157.21503,-186.14134,-210.9574,99.60408,171.99467,-1.0849284,-0.34656835,-0.6871858,3927000,3,1158,0.08407308,495
1000035000326,63000100000351,1000035000497,1000035000000,63,0.0,1000035000327,-1,-1,1000035000000,1000035000498,1314,0.0,0.0,0.0,6554,25.603165,37.179974,25.068264,88732,2,4,2,165.47777,8.137832,241.85294,115.09908,197.99329,2.5734937,1.0877966,0.2234397,3845516,1,351,0.06378755,792
3000056000976,63000300000457,3000056001167,3000056000000,63,0.0,3000056000977,-1,-1,3000056000000,3000056000800,1317,0.0,0.0,0.0,15019,37.17124,2.865121,18.239185,49272,4,0,2,-159.25323,-206.91298,378.94064,108.07619,193.34564,1.1031718,-2.2716072,-0.76185274,8208113,3,457,0.06742591,288
3000214000000,63000300001165,3000214000082,3000214000000,63,0.0,3000214000001,-1,-1,3000214000000,-1,1317,122.729645,98.20093,111.79931,13879,32.352215,21.57368,5.121397,41365,3,2,0,262.332,192.5286,-56.717995,99.12391,190.94167,0.32855803,1.2769697,0.7983095,1303501,3,1165,0.07442653,687
86000000,63000000000514,86000144,86000000,63,0.0,86000001,-1,-1,86000000,86000145,1318,141.57803,91.83207,126.51653,1462,30.11874,1.7409012,30.156786,23402,3,0,3,143.87144,-344.39786,-345.54074,96.642525,177.0757,-0.1984242,-1.6405389,2.0419567,18821813,0,514,0.08781909,701
89000000,63000000000520,89000109,89000000,63,0.0,89000001,-1,-1,89000000,89000110,1338,130.90588,101.38536,115.93046,3543,5.7687225,23.88071,21.506426,25953,0,2,2,-114.35216,259.08762,40.665077,104.5497,205.11714,0.90934443,-1.606421,0.44940954,1984767,0,520,0.0649813,601
1000096000000,63000100000542,1000096000112,1000096000000,63,0.0,1000096000001,-1,-1,1000096000000,-1,1345,121.955055,87.70092,105.34438,7775,21.020367,39.714058,2.5530312,70753,2,4,0,49.362892,-91.44691,103.16659,97.81663,187.58897,-0.8667104,0.55945724,2.0418267,4654094,1,542,0.08589546,838
3000208000000,63000300001155,3000208000093,3000208000000,63,0.0,3000208000001,-1,-1,3000208000000,-1,1366,130.73375,103.19274,120.405876,15073,37.041126,8.273964,22.84227,50533,4,0,2,40.15996,83.1289,-16.177511,103.35135,191.77174,0.42265835,0.9094779,-0.19326395,8946866,3,1155,0.07397366,606
101000000,63000000000547,101000123,101000000,63,0.0,101000001,-1,-1,101000000,-1,1368,125.311615,95.10257,112.659966,618,6.6551127,4.948226,30.475607,18926,0,0,3,-25.887552,185.14328,232.06636,98.25876,182.21825,1.2856257,-0.83619577,0.574995,363494,0,547,0.08380853,21
5000136000000,63000500000565,5000136000139,5000136000000,63,0.0,5000136000001,-1,-1,5000136000000,-1,1373,124.88129,90.71322,108.44275,22992,36.28263,39.337563,35.480705,230721,4,4,3,-135.402,44.768578,-247.5522,95.64107,176.53015,-0.12762867,1.5472964,-1.4466338,13623053,5,565,0.09014801,425
3000202000000,63000300001137,3000202000165,3000202000000,63,0.0,3000202000001,-1,-1,3000202000000,-1,1379,130.90588,92.5206,113.77882,15079,37.23289,10.704686,23.23879,50556,4,1,2,29.732311,338.795,31.058132,94.67212,171.81595,0.15518221,1.5253026,-0.4892693,9012917,3,1137,0.09082342,698
3000206000000,63000300001149,3000206000103,3000206000000,63,0.0,3000206000001,-1,-1,3000206000000,-1,1381,126.6026,100.7829,117.135376,13713,36.614662,1.2635792,6.937891,33127,4,0,0,130.85225,133.75491,64.9263,101.691086,194.2009,-0.64881545,-0.1000935,1.6031083,5277337,3,1149,0.0739887,417
96000000,63000000000533,96000100,96000000,63,0.0,96000001,-1,-1,96000000,96000101,1389,131.93867,98.71732,116.18866,2359,17.306797,29.785349,13.200224,15765,1,3,1,168.39464,-60.80687,226.16315,104.00937,198.57951,0.47863546,0.5493023,-1.7525735,2531642,0,533,0.08196495,425
4000104000000,63000400000478,4000104000086,4000104000000,63,0.0,4000104000001,-1,-1,4000104000000,-1,1391,130.30342,101.557495,117.04932,18025,38.527817,29.74736,38.25991,173565,4,3,4,-78.465416,112.19122,-87.26726,100.08875,188.08894,0.038308345,0.43621454,0.8296301,10981336,4,478,0.07732627,19
7000118000000,63000700000341,7000118000129,7000118000000,63,0.0,7000118000001,-1,-1,7000118000000,-1,1392,128.32391,98.45913,113.60669,29829,18.237892,19.820753,35.22674,143752,2,2,3,-34.51537,-45.002483,-180.65718,99.76254,180.2956,-1.2450521,-0.28217906,-0.32043782,17971422,7,341,0.0819054,877
93000000,63000000000527,93000142,93000000,63,0.0,93000001,-1,-1,93000000,93000143,1394,135.6395,106.11897,123.418175,1458,28.013218,3.149832,30.699314,23414,3,0,3,198.3477,-248.9895,-323.55096,105.99425,188.85492,1.5439478,-1.4741753,-0.80781925,18853585,0,527,0.078631096,7
98000000,63000000000538,98000108,98000000,63,0.0,98000001,-1,-1,98000000,-1,1403,131.93867,105.34438,119.71735,1473,31.06724,0.18536568,20.27837,21321,3,0,2,267.6251,-72.675125,429.03693,108.95295,205.91122,-0.9324133,-0.36652988,-0.0029049716,942039,0,538,0.0638682,632
3000201000000,63000300001136,3000201000121,3000201000000,63,0.0,3000201000001,-1,-1,3000201000000,-1,1403,130.64769,101.0411,118.85669,14346,33.08845,19.504536,22.736938,57655,3,2,2,67.74448,87.09534,-180.32654,103.49267,201.641,0.5310987,-0.1622365,-0.77782,1646993,3,1136,0.07195159,513
78000000,63000000000494,78000114,78000000,63,0.0,78000001,-1,-1,78000000,78000115,1414,154.22968,111.28291,135.20917,836,12.00452,14.908237,25.693981,20210,1,1,2,-118.114136,-77.389404,-5.5715055,103.27272,172.94876,2.1585586,1.4785365,-0.8947153,1958445,0,494,0.09067403,402
94000000,63000000000529,94000163,94000000,63,0.0,94000001,-1,-1,94000000,-1,1422,133.48785,102.76241,121.955055,1503,29.270172,7.4252567,21.057838,21463,3,0,2,224.1037,1.6487632,251.21138,105.38103,193.3236,-0.22154972,0.4995989,1.1836504,935330,0,529,0.07348635,606
85000000,63000000000511,85000102,85000000,63,0.0,85000001,-1,-1,85000000,85000103,1431,138.82393,108.18455,129.70097,3025,21.781,26.576435,21.883766,30074,2,2,2,-13.455591,-235.87135,-79.98968,107.777794,201.84776,2.283547,1.1042958,2.5701156,1791477,0,511,0.09528002,277
7000114000000,63000700000334,7000114000129,7000114000000,63,0.0,7000114000001,-1,-1,7000114000000,7000114000162,1437,133.31572,104.914055,122.47145,29819,19.30255,24.155619,35.767834,144649,2,2,4,56.046463,35.525673,-234.09264,100.81999,184.85924,-1.807293,-0.17071371,-0.97607446,17857047,7,334,0.08228469,332
7000115000000,63000700000337,7000115000135,7000115000000,63,0.0,7000115000001,-1,-1,7000115000000,7000115000136,1443,137.36081,100.43864,121.180466,32179,2.20836,3.8624218,34.855812,131134,0,0,3,26.404352,318.4644,181.3029,98.801506,169.29901,-0.63828945,0.03730718,-0.7615579,3337143,7,337,0.099775635,987
88000000,63000000000518,88000133,88000000,63,0.0,88000001,-1,-1,88000000,88000134,1446,135.72557,92.86486,117.90997,2612,25.817476,29.854126,20.381933,30616,2,3,2,75.12328,-157.98503,58.726063,95.38454,173.66054,-0.65019417,-0.07592908,-1.0080743,3894760,0,518,0.09280699,778
1000090000000,63000100000531,1000090000154,1000090000000,63,0.0,1000090000001,-1,-1,1000090000000,-1,1450,134.86491,110.68045,124.1067,6034,11.508202,32.07662,27.037014,84525,1,3,3,16.311605,-76.382545,-172.25592,105.27526,190.84044,-0.09547371,-0.123261586,-0.6393143,3640773,1,531,0.075327404,210
7000110000000,63000700000325,7000110000172,7000110000000,63,0.0,7000110000001,-1,-1,7000110000000,7000110000173,1460,148.72148,102.41815,131.16408,29284,4.539483,24.73708,35.676655,140610,0,2,3,-29.6434,-174.71901,-144.39146,103.27937,184.75977,0.76695627,-0.83465415,0.25435326,17569803,7,325,0.08796833,70
7000112000000,63000700000329,7000112000148,7000112000000,63,0.0,7000112000001,-1,-1,7000112000000,7000112000184,1460,145.45099,108.01242,125.13949,32160,5.960646,2.9461927,36.638756,131422,0,0,4,-226.04848,370.03836,-167.37314,105.17552,203.14955,1.9835218,1.8178661,-0.75818765,16403716,7,329,0.075084604,565
90000000,63000000000522,90000186,90000000,63,0.0,90000001,-1,-1,90000000,-1,1478,135.55344,103.19274,125.22555,3913,15.521942,17.208998,1.175399,8783,1,1,0,3.985104,-28.129208,44.049652,105.175896,184.09045,-0.14360179,0.8020302,0.15420796,1338655,0,522,0.08752856,966
1000016000669,63000100000499,1000016000870,1000016000000,63,0.0,1000016000670,-1,-1,1000016000669,-1,1487,157.93051,100.18044,130.04523,8158,25.886684,31.630268,6.8655596,70444,2,3,0,125.44282,-161.5015,289.59198,98.67961,181.24907,1.7390329,-0.8476947,0.013889181,14803255,1,499,0.091029964,872
7000113000000,63000700000331,7000113000181,7000113000000,63,0.0,7000113000001,-1,-1,7000113000000,7000113000182,1487,145.02066,113.17636,131.07802,32085,6.34057,12.978236,32.325558,132302,0,1,3,-107.61206,-357.8134,25.779669,113.42684,194.12492,-0.5438287,0.4823705,-0.507175,17747768,7,331,0.07309635,160
1000086000000,63000100000520,1000086000138,1000086000000,63,0.0,1000086000001,-1,-1,1000086000000,1000086000139,1495,139.85672,98.20093,121.610794,6018,12.406508,38.082523,25.898226,84720,1,4,2,25.312853,1.8638123,-190.088,99.37695,190.66338,-0.8669649,1.9969765,-1.0102496,3648624,1,520,0.09396448,401
7000106000000,63000700000313,7000106000173,7000106000000,63,0.0,7000106000001,-1,-1,7000106000000,7000106000180,1505,154.66,119.97555,132.6272,31839,9.096382,2.0247426,36.045376,131857,1,0,4,-334.76456,187.20197,-41.14606,126.41743,208.64351,-0.50934136,2.049528,3.4117496,16408028,7,313,0.06527741,670
76000000,63000000000487,76000128,76000000,63,0.0,76000001,-1,-1,76000000,76000129,1508,171.78708,108.95914,139.94278,3026,22.558886,25.742355,20.595318,30045,2,2,2,26.19787,-100.467445,176.01247,108.63847,199.89325,0.35653317,-1.3465458,1.8024124,1837548,0,487,0.07365097,41
84000000,63000000000509,84000094,84000000,63,0.0,84000001,-1,-1,84000000,84000095,1511,142.52475,111.02472,128.66818,723,3.8320324,11.5449705,19.351171,17471,0,1,2,-159.31432,-19.254007,186.34624,105.2573,198.63617,0.10053945,-0.38995075,-0.10390367,234491,0,509,0.07675703,931
49000000,63000000000413,49000153,49000000,63,0.0,49000001,-1,-1,49000000,49000186,1512,201.3076,61.19269,132.71327,2853,15.854594,21.189648,22.32172,29090,1,2,2,91.164696,65.70288,12.068626,90.94705,150.41307,1.8057772,-2.2426696,-2.2324903,1923194,0,413,0.15326405,958
2000134000000,63000200000774,2000134000187,2000134000000,63,0.0,2000134000001,-1,-1,2000134000000,2000134000188,1519,147.4305,110.50832,129.44276,9872,36.240364,34.76624,23.003368,115063,4,3,2,95.465225,51.340363,-257.0998,100.680756,182.94041,-1.6481618,-1.4625287,-1.0317156,5893521,2,774,0.088520825,862
3000054000523,63000300000436,3000054000714,3000054000000,63,0.0,3000054000524,-1,-1,3000054000000,3000054000841,1534,0.0,0.0,0.0,15080,37.519264,12.285943,21.94416,50664,4,1,2,-143.1046,502.06635,-89.317406,145.81479,243.82927,0.09386346,-1.1353456,-0.19608167,9035830,3,436,0.048833955,490
2000137000000,63000200000781,2000137000137,2000137000000,63,0.0,2000137000001,-1,-1,2000137000000,2000137000138,1543,142.86902,110.42226,132.28294,9862,31.924557,35.54337,20.624619,115076,3,3,2,218.35014,-149.23209,126.602646,103.171814,192.43929,-0.17327724,-1.5065475,-1.5027112,3844276,2,781,0.08719773,99
3000189000000,63000300001109,3000189000144,3000189000000,63,0.0,3000189000001,-1,-1,3000189000000,-1,1546,147.51656,105.43045,129.70097,14250,34.43103,29.99562,9.134991,44189,3,3,1,217.59456,-265.10626,169.33244,102.377304,192.34981,-1.7291889,-0.2763526,-0.04530751,4930252,3,1109,0.08732085,651
82000000,63000000000506,82000172,82000000,63,0.0,82000001,-1,-1,82000000,82000222,1555,150.78705,108.87308,128.40999,838,15.487731,12.329742,27.078476,20205,1,1,3,-96.07241,-46.618935,76.6121,101.354744,178.87543,-0.35038716,0.30307543,0.44930553,728855,0,506,0.09116697,371
1000082000000,63000100000511,1000082000123,1000082000000,63,0.0,1000082000001,-1,-1,1000082000000,1000082000124,1556,146.6559,114.38128,133.48785,4255,9.912518,37.28772,10.579628,68280,1,4,1,-76.37263,0.5427103,175.88545,108.61724,197.49753,0.12267847,0.6454122,1.6306335,2524808,1,511,0.0810397,404
3000193000000,63000300001118,3000193000161,3000193000000,63,0.0,3000193000001,-1,-1,3000193000000,-1,1556,142.35262,121.180466,134.17638,13691,33.84645,5.4807963,9.1003275,34958,3,0,1,251.44226,111.017235,175.139,132.25064,218.34822,1.7602125,0.1875031,-2.727406,977443,3,1118,0.06524874,939
66000000,63000000000467,66000150,66000000,63,0.0,66000001,-1,-1,66000000,66000203,1566,183.40594,96.22142,135.3813,3059,20.73058,28.957153,18.884954,29927,2,3,2,132.5653,-161.07245,150.81055,99.7804,176.26585,-0.38875088,-1.3751955,-1.7203213,4810297,0,467,0.10725346,883
3000155000000,63000300001040,3000155000102,3000155000000,63,0.0,3000155000001,-1,-1,3000155000000,3000155000103,1572,181.2543,110.852585,131.85262,14356,37.971405,19.130045,20.504656,57690,4,2,2,-4.318409,-317.5342,-140.32584,107.327576,196.88583,1.8368,-1.1770365,0.018799469,8856795,3,1040,0.08209022,608
83000000,63000000000508,83000143,83000000,63,0.0,83000001,-1,-1,83000000,-1,1575,149.32394,113.434555,133.74605,3298,10.793129,20.38975,22.795277,25517,1,2,2,-49.256474,-2.890454,25.969473,107.07362,198.08989,0.53136706,0.83624756,-0.5777202,1981400,0,508,0.076721996,247
3000188000000,63000300001108,3000188000151,3000188000000,63,0.0,3000188000001,-1,-1,3000188000000,-1,1587,145.27885,105.17225,122.729645,14423,32.28904,27.480013,22.327631,58785,3,3,2,164.6439,-79.86745,-150.06966,98.948975,185.80548,0.61409956,-0.82672995,1.7632055,1578938,3,1108,0.089222394,293
74000000,63000000000483,74000164,74000000,63,0.0,74000001,-1,-1,74000000,74000223,1598,163.52478,108.70094,145.70918,3450,2.0897608,19.554033,25.88536,26792,0,2,2,-161.35365,-122.75378,-69.78379,100.66145,175.07465,-2.1266115,1.05793,-0.09510443,2064184,0,483,0.09698684,354
77000000,63000000000491,77000107,77000000,63,0.0,77000001,-1,-1,77000000,77000108,1598,156.98378,113.34849,140.88951,2465,27.461693,24.489094,6.257772,14178,3,2,0,262.60782,149.69969,92.27585,103.737686,165.82819,3.0587316,0.28612906,0.6232123,1320630,0,491,0.11058055,588
73000000,63000000000481,73000181,73000000,63,0.0,73000001,-1,-1,73000000,73000182,1607,162.06166,109.5616,134.86491,911,13.28314,6.334407,28.037071,19409,1,0,3,-13.356483,-27.937437,214.66277,102.4235,183.10928,-1.4652292,-1.7630421,-0.017421113,590736,0,481,0.09031454,328
6000079000000,63000600000352,6000079000145,6000079000000,63,0.0,6000079000001,-1,-1,6000079000000,6000079000146,1612,154.22968,116.10259,138.82393,26516,22.426151,34.749584,36.028954,201050,2,3,4,174.2996,2.2449586,-110.45194,110.68702,200.34558,1.3883554,-1.9071387,-0.19031416,15919149,6,352,0.078922994,448
81000000,63000000000505,81000104,81000000,63,0.0,81000001,-1,-1,81000000,-1,1614,151.99197,119.63129,136.06982,2572,26.263224,28.433123,19.10317,30382,2,3,2,44.07942,-158.19733,92.5621,111.99033,210.27585,-0.53273064,0.5504134,-0.1959537,1541963,0,505,0.071231976,905
80000000,63000000000502,80000107,80000000,63,0.0,80000001,-1,-1,80000000,-1,1629,152.76657,114.12308,135.72557,1135,20.874348,6.576102,29.09591,22997,2,0,3,-35.948956,-176.45694,-251.11569,105.82936,196.27095,-0.65433013,-1.2642548,-0.4305664,18974975,0,502,0.08297965,444
3000153000000,63000300001029,3000153000158,3000153000000,63,0.0,3000153000001,-1,-1,3000153000000,3000153000208,1654,181.2543,118.68456,145.27885,13907,33.565285,28.005112,5.5716796,42380,3,3,0,165.04482,-133.67068,272.50552,104.45191,185.24702,2.2434888,-1.0010856,1.8865484,1492550,3,1029,0.097474694,419
2000029000796,63000200000315,2000029001060,2000029000000,63,0.0,2000029000797,-1,-1,2000029000000,2000029001061,1664,0.0,0.0,0.0,8411,35.804825,31.50252,10.568074,100448,4,3,1,242.27107,-601.7308,192.61133,128.62994,220.37593,0.38732752,0.8654109,-0.40467235,4948318,2,315,0.06367291,451
1000071000000,63000100000482,1000071000195,1000071000000,63,0.0,1000071000001,-1,-1,1000071000000,1000071000233,1673,184.43874,115.75833,139.59853,5812,0.08468819,34.569256,19.275402,81974,0,3,2,-276.72583,8.083506,333.1772,104.415794,194.43967,2.8224144,0.35843253,1.7420628,2577146,1,482,0.099935256,956
3000089000361,63000300000761,3000089000576,3000089000000,63,0.0,3000089000362,-1,-1,3000089000000,3000089000615,1689,0.0,0.0,0.0,14952,37.321117,2.5887394,24.961948,51292,4,0,2,-169.18251,-123.77771,168.47734,117.5025,196.21046,-1.5923641,0.5902688,0.22202095,9130378,3,761,0.08532685,158
3000073000649,63000300000639,3000073000953,3000073000000,63,0.0,3000073000650,-1,-1,3000073000000,3000073000954,1695,0.0,0.0,0.0,14963,34.632164,2.4803941,26.585175,51261,3,0,2,-98.12913,-200.24112,85.03194,136.41684,234.26889,0.36984515,0.004289894,0.38272372,9000566,3,639,0.058579765,45
2000120000000,63000200000746,2000120000112,2000120000000,63,0.0,2000120000001,-1,-1,2000120000000,2000120000123,1697,165.16002,119.97555,144.84853,9902,35.466827,32.38183,16.125288,114754,3,3,1,293.0686,-308.48737,72.58161,111.018394,208.99469,1.4306306,0.011897,-1.1705029,4758017,2,746,0.07876924,45
72000000,63000000000477,72000148,72000000,63,0.0,72000001,-1,-1,72000000,72000192,1698,163.61084,127.46326,146.6559,2693,29.1266,21.44596,26.806276,31463,3,2,3,90.36615,30.885782,-352.411,112.4784,203.72308,-0.8863956,0.1445677,0.3254316,18061301,0,477,0.07951693,567
1000077000000,63000100000500,1000077000175,1000077000000,63,0.0,1000077000001,-1,-1,1000077000000,-1,1723,156.29526,112.315704,136.50015,8021,16.532696,38.317883,12.841261,72086,1,4,1,8.776133,-64.190926,195.26382,103.242966,190.24486,-0.32213745,-0.8503066,1.3866403,4676034,1,500,0.09551068,335
3000138000000,63000300000994,3000138000180,3000138000000,63,0.0,3000138000001,-1,-1,3000138000000,3000138000181,1726,237.79945,109.81979,142.95508,13810,38.539898,12.993908,3.7824004,34031,4,1,0,43.579082,143.40189,155.05109,102.93798,186.74948,-1.6120725,1.998813,-1.2984253,8268267,3,994,0.09830282,14
3000177000000,63000300001088,3000177000119,3000177000000,63,0.0,3000177000001,-1,-1,3000177000000,3000177000120,1730,171.70102,136.58623,155.6928,14948,36.01722,5.334523,24.748102,51398,4,0,2,-45.006874,19.585506,-1.2827348,115.90096,225.3294,0.13578509,1.7545363,-1.3784511,8980928,3,1088,0.06954142,275
3000175000000,63000300001084,3000175000063,3000175000000,63,0.0,3000175000001,-1,-1,3000175000000,-1,1765,169.89363,132.28294,155.26247,14430,33.294044,24.348658,22.216614,58664,3,2,2,-41.581997,-254.09631,-42.09903,115.38702,225.80516,-0.023077605,-0.54419434,0.7157826,8865780,3,1084,0.08108541,17
7000101000000,63000700000304,7000101000127,7000101000000,63,0.0,7000101000001,-1,-1,7000101000000,-1,1772,175.66003,143.72968,161.37314,32111,5.77105,7.830642,34.078846,132193,0,0,3,92.15658,-73.24982,-119.36963,121.83879,233.96817,-1.9743745,0.14806096,-0.41519585,19313674,7,304,0.0658034,846
75000000,63000000000486,75000166,75000000,63,0.0,75000001,-1,-1,75000000,-1,1774,169.4633,126.8608,150.52885,2617,28.954912,31.155962,21.083881,30679,3,3,2,195.18604,-182.95033,0.73956203,106.70891,194.9682,0.8134478,-2.4974086,1.9526957,3907667,0,486,0.09580973,201
7000080000000,63000700000249,7000080000134,7000080000000,63,0.0,7000080000001,-1,-1,7000080000000,7000080000202,1776,174.62724,103.27881,147.77477,31829,7.9363847,2.3790174,32.74418,131604,0,0,3,-47.307976,264.19623,96.00762,97.878845,182.85725,1.059065,1.8127761,-0.9413458,3299524,7,249,0.10925617,585
3000174000000,63000300001083,3000174000151,3000174000000,63,0.0,3000174000001,-1,-1,3000174000000,-1,1825,174.02478,134.43459,156.63953,14258,34.454845,29.598639,13.08935,44445,3,3,1,352.8611,-34.84848,40.379948,115.87907,209.16618,0.74023247,0.5300351,0.8331351,1499768,3,1083,0.08069195,41
7000098000000,63000700000296,7000098000137,7000098000000,63,0.0,7000098000001,-1,-1,7000098000000,7000098000138,1850,182.97562,129.27065,157.32805,32195,0.97137564,2.109991,39.99677,133136,0,0,4,190.47339,-374.5494,-333.19653,112.44062,208.45381,0.7931656,0.55906504,-0.1555898,19412344,7,296,0.08615412,948
7000086000000,63000700000270,7000086000206,7000086000000,63,0.0,7000086000001,-1,-1,7000086000000,7000086000225,1856,245.80356,170.66823,222.30763,32129,1.6225866,5.430053,37.307465,131491,0,0,4,1.3038336,166.32892,10.837346,110.412285,178.80103,0.48831514,-5.1024237,1.5513325,10220843,7,270,0.1158429,637
62000000,63000000000453,62000174,62000000,63,0.0,62000001,-1,-1,62000000,62000175,1857,210.94696,151.90591,183.83627,3460,2.9150205,24.877327,25.647287,27690,0,2,2,-64.98626,-21.820852,-201.88266,110.15761,192.20866,4.6829796,1.5218221,-0.30672354,2086150,0,453,0.099175334,198
56000000,63000000000436,56000110,56000000,63,0.0,56000001,-1,-1,56000000,56000223,1865,214.04532,130.56163,184.69693,2920,22.987837,23.27701,29.226427,31199,2,2,3,121.49056,113.03586,-158.60504,113.773865,175.70416,3.011824,5.455015,-1.6876796,17927037,0,436,0.11929707,60
69000000,63000000000473,69000174,69000000,63,0.0,69000001,-1,-1,69000000,69000175,1876,182.11496,130.73375,159.04936,3564,4.1176577,26.983486,19.266792,25718,0,3,2,-163.26048,-80.375496,367.87302,105.12298,182.2905,1.4778786,2.3408027,-3.3650262,2165366,0,473,0.11740869,852
71000000,63000000000476,71000193,71000000,63,0.0,71000001,-1,-1,71000000,-1,1896,179.53299,122.729645,153.36902,2613,24.653486,30.788082,20.936598,30615,2,3,2,156.24266,-202.31886,57.70903,107.03008,195.91287,-0.89144075,0.4157534,0.70485127,3792965,0,476,0.10069601,895
70000000,63000000000475,70000222,70000000,63,0.0,70000001,-1,-1,70000000,-1,1902,171.78708,119.028824,149.58214,473,7.044132,7.425044,15.315819,2559,0,0,1,-196.27512,49.216408,192.1515,106.51453,194.98058,-0.16539772,-2.7274902,-1.137401,168885,0,475,0.09795535,519
1001754,63000000000031,1001978,1000000,63,0.0,1001755,-1,-1,1000000,1002015,1927,0.0,0.0,0.0,13891,31.460484,25.244999,2.862277,42018,3,2,0,72.95188,-464.43375,645.4841,160.00479,265.60706,1.1512922,-1.1354921,1.5516062,18188368,0,31,0.051726874,38
54000000,63000000000429,54000244,54000000,63,0.0,54000001,-1,-1,54000000,54000298,1966,205.26663,128.40999,166.7092,3100,12.8521185,25.506838,17.8201,26225,1,2,1,-20.464767,2.19042,463.8829,101.2092,175.55031,2.651962,-2.248759,-1.0304027,2304919,0,429,0.12468302,867
65000000,63000000000465,65000156,65000000,63,0.0,65000001,-1,-1,65000000,65000157,1981,195.02481,158.4469,184.09447,1611,28.764416,0.7931759,3.2024958,4709,3,0,0,147.03365,24.081434,78.38969,118.26408,186.00366,-0.41527885,3.1467967,1.109739,991635,0,465,0.10637943,382
7000096000000,63000700000292,7000096000192,7000096000000,63,0.0,7000096000001,-1,-1,7000096000000,-1,1987,183.23381,120.23374,152.93869,32150,6.2849483,6.153226,33.10851,131292,0,0,3,-161.35693,266.45966,277.34113,106.03458,194.04181,3.753344,4.5760164,1.042747,562668,7,292,0.107890554,143
49000289,63000000000439,49000492,49000000,63,0.0,49000290,-1,-1,49000289,49000493,1998,214.56172,131.85262,167.05347,3290,15.592402,20.518356,22.389755,25579,1,2,2,67.82854,178.03732,174.94783,108.736206,194.75433,-0.12990893,-1.2409263,-1.2873235,1970255,0,439,0.10268103,690
64000000,63000000000462,64000195,64000000,63,0.0,64000001,-1,-1,64000000,64000235,1999,199.3281,128.32391,173.93872,2328,22.676672,23.826263,10.319259,15465,2,2,1,205.76678,23.291565,134.14273,106.83374,191.79375,0.2872064,0.00711753,-2.5380824,1329072,0,462,0.10674492,993
2000101000000,63000200000699,2000101000129,2000101000000,63,0.0,2000101000001,-1,-1,2000101000000,2000101000130,2016,213.61499,167.39774,197.34859,8411,36.62614,32.871914,10.697889,100451,4,3,1,-153.30527,-514.37354,315.88354,125.30263,231.35683,0.4713762,1.3736511,-0.38574356,5200651,2,699,0.077729404,425
3000153000259,63000300001063,3000153000445,3000153000000,63,0.0,3000153000260,-1,-1,3000153000259,3000153000446,2018,195.79941,139.25426,172.30347,13908,33.98128,28.096872,6.1325045,42408,3,3,0,-140.32039,-153.5652,339.99472,108.000984,196.07822,1.8022376,-0.98426807,1.5079755,14724842,3,1063,0.10088399,68
3000168000000,63000300001066,3000168000138,3000168000000,63,0.0,3000168000001,-1,-1,3000168000000,-1,2020,186.93463,142.09442,165.07396,14310,37.954178,17.395473,15.164764,43374,4,1,1,419.68484,113.81232,188.82019,114.53124,216.76927,2.2364168,-0.4973361,-0.5119081,8176690,3,1066,0.09159205,14
68000000,63000000000471,68000190,68000000,63,0.0,68000001,-1,-1,68000000,68000191,2022,195.62727,153.71329,175.2297,2854,16.504642,23.171303,22.15913,29106,1,2,2,157.9912,39.359627,33.777393,121.377266,218.03229,-0.44983968,0.31968045,-0.5540607,1976356,0,471,0.08457534,622
1000063000000,63000100000454,1000063000140,1000063000000,63,0.0,1000063000001,-1,-1,1000063000000,1000063000173,2064,217.74615,136.50015,168.68872,6588,27.526342,37.293682,30.459354,89076,3,4,3,170.08356,154.29903,-77.42536,108.85934,173.56082,3.5802453,-0.869664,-2.9028358,3944525,1,454,0.12823178,232
67000000,63000000000470,67000101,67000000,63,0.0,67000001,-1,-1,67000000,-1,2066,191.75432,147.60263,171.61494,1826,20.29701,12.003687,8.2089205,7360,2,1,0,92.6507,84.27746,124.09737,118.97438,221.49384,-1.3333677,1.2927006,0.39610147,1130710,0,470,0.08619898,196
7000095000000,63000700000291,7000095000189,7000095000000,63,0.0,7000095000001,-1,-1,7000095000000,-1,2074,192.78711,133.57393,165.93462,29819,19.3442,24.979515,36.68773,144655,2,2,4,56.915375,-13.512457,-236.00299,112.25901,201.31755,1.879409,-0.6258015,-0.3365227,17858118,7,291,0.10483767,591
57000000,63000000000443,57000196,57000000,63,0.0,57000001,-1,-1,57000000,57000197,2081,207.16006,148.89362,182.71742,3062,21.661016,30.18696,15.63399,29912,2,3,1,149.07413,-156.44765,155.03801,115.820404,202.07051,-1.2264016,0.025240725,-0.542506,4812731,0,443,0.0965391,15
3000139000000,63000300000997,3000139000118,3000139000000,63,0.0,3000139000001,-1,-1,3000139000000,3000139000170,2124,210.3445,146.82803,185.81578,13900,33.85997,27.48397,2.118575,42152,3,3,0,-48.20801,-48.820534,327.87314,116.757935,213.9728,0.2791402,-1.4025787,-0.4259011,11325227,3,997,0.09700819,47
1000069000000,63000100000474,1000069000104,1000069000000,63,0.0,1000069000001,-1,-1,1000069000000,1000069000161,2127,209.3117,138.22147,173.76659,5782,5.8774285,31.677708,22.618925,82284,0,3,2,-19.760645,-358.94458,41.857964,114.71047,210.8815,3.8537264,-1.6844835,1.9719054,3476643,1,474,0.10309219,543
3000160000000,63000300001051,3000160000196,3000160000000,63,0.0,3000160000001,-1,-1,3000160000000,3000160000197,2131,197.60678,149.9264,176.17642,14380,36.570374,20.689518,21.370735,57799,4,2,2,124.540306,-258.20108,-98.42241,115.78385,223.35062,0.55028534,-0.29442406,-0.55936754,8861901,3,1051,0.08806824,771
38000000,63000000000385,38000143,38000000,63,0.0,38000001,-1,-1,38000000,38000300,2137,240.81175,125.311615,160.34035,2622,29.984922,30.310097,21.239298,30686,3,3,2,144.51546,-63.40548,19.532455,109.54033,202.52983,-3.018638,0.8102048,0.089304104,3893452,0,385,0.113695785,357
7000092000000,63000700000283,7000092000240,7000092000000,63,0.0,7000092000001,-1,-1,7000092000000,7000092000241,2143,194.16415,134.52065,164.4715,32144,4.6897817,6.210994,33.246407,131312,0,0,3,-21.47755,262.18146,291.41425,108.40101,193.80856,0.13002373,1.4185834,-1.5963308,354765,7,283,0.11206968,624
60000000,63000000000450,60000205,60000000,63,0.0,60000001,-1,-1,60000000,60000206,2147,210.51663,155.26247,189.68874,3091,11.155047,25.97385,18.503675,26169,1,2,2,63.42805,-88.38071,362.90805,113.73693,193.9589,1.7204102,2.0639355,0.6180434,2295238,0,450,0.10647538,585
4000066000000,63000400000374,4000066000177,4000066000000,63,0.0,4000066000001,-1,-1,4000066000000,4000066000211,2171,218.09041,149.23787,183.75021,18026,36.148872,30.308363,38.78417,173559,4,3,4,-0.059192084,36.961067,-32.76809,114.776405,210.02666,-0.14461562,-2.3611634,0.31207475,11007796,4,374,0.1041961,427
61000000,63000000000452,61000066,61000000,63,0.0,61000001,-1,-1,61000000,-1,2196,209.65598,166.9674,192.87317,607,7.123599,3.0529346,26.285376,18555,0,0,2,168.95815,144.72618,122.61107,129.13873,249.20827,-0.65091693,-0.56228346,-0.5433399,3137828,0,452,0.07759562,790
3000112000000,63000300000888,3000112000152,3000112000000,63,0.0,3000112000001,-1,-1,3000112000000,3000112000221,2205,193.38956,115.672264,150.27066,14192,39.260372,28.962961,13.472601,44934,4,3,1,74.61239,-167.45915,81.04315,105.69304,203.43431,1.8070865,2.0207312,2.7440283,5053823,3,888,0.13755718,716
3000156000000,63000300001043,3000156000246,3000156000000,63,0.0,3000156000001,-1,-1,3000156000000,3000156000247,2209,210.25844,168.08626,193.73383,14922,32.760853,1.9225707,28.28815,51459,3,0,3,144.22554,-468.3068,-332.41098,124.38821,213.62173,-0.27854463,-1.3126993,2.4195313,10741678,3,1043,0.09316438,715
59000000,63000000000448,59000199,59000000,63,0.0,59000001,-1,-1,59000000,59000200,2211,207.3322,162.49199,189.17235,2192,22.204273,19.722628,2.016422,12520,2,2,0,225.17953,55.87554,80.36133,120.82195,224.23538,0.59995055,-0.5788816,-1.020403,18347153,0,448,0.088607706,695
1000064000000,63000100000459,1000064000163,1000064000000,63,0.0,1000064000001,-1,-1,1000064000000,1000064000216,2230,223.16829,152.93869,193.90596,6504,23.697271,33.89686,22.629902,86836,2,3,2,93.40306,-113.63061,120.89219,116.14087,190.24582,-1.6869515,2.9687498,-0.36319047,3785342,1,459,0.11995031,630
58000000,63000000000446,58000220,58000000,63,0.0,58000001,-1,-1,58000000,58000261,2242,216.1109,150.78705,189.00021,3362,2.6592956,20.556618,23.006922,25006,0,2,2,-91.95767,-21.600521,70.46677,115.73301,212.90814,-1.8377608,-1.1660451,1.7457852,2011135,0,446,0.105467536,558
1000059000000,63000100000439,1000059000124,1000059000000,63,0.0,1000059000001,-1,-1,1000059000000,1000059000162,2257,271.279,162.14772,241.06995,6589,27.432716,38.11973,27.979885,89042,3,4,3,161.542,19.29879,-7.7616963,123.83541,213.66098,1.6484635,3.221932,1.7131436,3943904,1,439,0.10490782,907
6000063000000,63000600000307,6000063000164,6000063000000,63,0.0,6000063000001,-1,-1,6000063000000,6000063000205,2305,211.20515,159.73788,185.2994,27069,2.7880373,38.558075,34.630276,196798,0,4,3,16.3306,16.532185,-172.95746,119.951225,222.48882,0.6932154,-0.5143022,-0.6312422,16226708,6,307,0.0986774,196
7000091000000,63000700000280,7000091000211,7000091000000,63,0.0,7000091000001,-1,-1,7000091000000,7000091000212,2309,238.31584,167.31166,204.66417,32135,1.4479966,6.3354754,36.23049,131477,0,0,4,-322.13666,-115.75026,-266.2264,119.53641,217.41628,1.1949995,-0.007256379,0.8317296,19236953,7,280,0.09758547,781
55000000,63000000000434,55000116,55000000,63,0.0,55000001,-1,-1,55000000,55000117,2331,229.02075,178.93053,204.14777,1464,29.764313,1.505046,26.034937,23146,3,0,2,138.02362,-257.57803,168.55475,128.52019,234.7999,-0.81902814,-1.1227422,0.12364413,892969,0,434,0.08152937,975
50000000,63000000000422,50000227,50000000,63,0.0,50000001,-1,-1,50000000,50000259,2410,219.3814,137.44688,179.53299,451,2.7525418,5.9373817,14.822224,2492,0,0,1,-227.4022,22.406494,115.16108,110.11099,206.39658,-1.9612192,-0.15299919,0.0761423,172226,0,422,0.12744242,206
7000078000000,63000700000241,7000078000141,7000078000000,63,0.0,7000078000001,-1,-1,7000078000000,7000078000197,2425,212.58221,136.58623,168.68872,31823,12.148677,1.1729699,35.082794,131686,1,0,3,-273.4478,33.3761,-126.81846,112.09956,212.25815,2.7429934,0.07312936,-4.490646,15479255,7,241,0.12006222,499
3000128000000,63000300000969,3000128000185,3000128000000,63,0.0,3000128000001,-1,-1,3000128000000,3000128000235,2432,317.8405,223.34042,275.41016,13899,34.003407,27.764446,0.9702749,42120,3,3,0,-133.5618,-216.34966,267.11597,121.30205,220.7937,-0.26947948,-1.8065959,1.1848762,14725435,3,969,0.09564003,527
3000136000000,63000300000989,3000136000236,3000136000000,63,0.0,3000136000001,-1,-1,3000136000000,3000136000237,2437,257.33636,156.12312,220.67238,13907,33.95429,27.477732,4.433569,42376,3,3,0,-61.69012,-141.21089,314.77783,111.27276,195.60326,2.4156454,3.684549,0.6821642,11311112,3,989,0.12575573,635
53000000,63000000000428,53000181,53000000,63,0.0,53000001,-1,-1,53000000,-1,2439,221.61911,159.13542,196.0576,511,0.8529245,1.2727277,15.124171,2342,0,0,1,-176.39354,151.57683,-100.39738,114.84277,213.05815,-1.364151,-0.99280435,0.31262267,3118908,0,428,0.10644358,670
48000000,63000000000410,48000207,48000000,63,0.0,48000001,-1,-1,48000000,48000274,2446,254.41013,163.86903,218.26254,2849,18.736233,22.549524,21.9278,29115,2,2,2,31.534826,168.67043,99.6552,123.60831,220.24721,3.0867996,-1.40478,-2.0204318,1717862,0,410,0.10619034,43
7000090000000,63000700000278,7000090000203,7000090000000,63,0.0,7000090000001,-1,-1,7000090000000,7000090000204,2503,246.66422,196.14366,224.02895,31835,11.223325,1.4701654,35.339138,131851,1,0,3,-185.71248,100.91008,-97.93559,127.89332,226.12804,-1.1462686,-1.0668489,-0.33178252,19030374,7,278,0.09188475,663
2000093000000,63000200000669,2000093000287,2000093000000,63,0.0,2000093000001,-1,-1,2000093000000,2000093000335,2504,228.1601,138.82393,184.78299,9903,35.626,33.336384,17.461193,114772,3,3,1,159.30424,-196.34021,34.13122,108.09239,191.56471,-0.6449273,0.82641745,0.09555501,5954845,2,669,0.13139978,0
52000000,63000000000427,52000177,52000000,63,0.0,52000001,-1,-1,52000000,-1,2515,236.59453,184.35266,217.91827,2832,22.737179,19.930492,18.300793,28905,2,2,2,78.51686,119.714134,235.0343,128.69838,236.21245,1.4350907,0.27496868,2.417845,1358552,0,427,0.093680605,171
3000143000000,63000300001008,3000143000202,3000143000000,63,0.0,3000143000001,-1,-1,3000143000000,3000143000203,2522,245.28717,181.08217,214.81992,14949,35.765354,6.2713027,24.389112,51408,4,0,2,-79.63472,-27.76264,33.524498,123.889084,232.61676,1.0777903,3.1514595,-1.8990405,9164605,3,1008,0.094486855,17
3000058000971,63000300000486,3000058001169,3000058000000,63,0.0,3000058000972,-1,-1,3000058000000,3000058001341,2525,0.0,0.0,0.0,15086,38.322285,15.032918,20.884941,50655,4,1,2,224.76318,297.26895,-227.35965,126.653366,206.7275,-2.2438774,-2.371211,3.1422117,9050909,3,486,0.109946676,504
7000088000000,63000700000274,7000088000157,7000088000000,63,0.0,7000088000001,-1,-1,7000088000000,7000088000158,2529,243.22159,186.24611,217.66008,31932,12.33978,14.148494,38.480484,133108,1,1,4,-199.36995,-115.83729,-277.2699,130.44807,241.27682,0.7649202,-0.3962142,-1.9800786,18948302,7,274,0.09040891,535
2494,63000000000001,2648,0,63,0.0,2495,-1,-1,0,2649,2535,0.0,0.0,0.0,672,6.7426863,12.603387,26.261282,19688,0,1,2,-409.04663,134.36024,-153.49529,130.35274,234.43483,-0.9925835,0.6411822,-2.6464214,500600,0,1,0.092030145,344
51000000,63000000000426,51000147,51000000,63,0.0,51000001,-1,-1,51000000,-1,2553,239.09044,184.95512,215.16418,915,10.825753,4.555649,27.659918,19337,1,0,3,-97.71858,123.0941,114.34686,129.73094,241.49516,-0.03294142,0.94738585,0.48290962,573015,0,426,0.088529006,395
6000062000000,63000600000305,6000062000198,6000062000000,63,0.0,6000062000001,-1,-1,6000062000000,6000062000199,2628,238.9183,167.65593,208.19286,26473,22.9432,32.769665,39.221905,202827,2,3,4,103.43885,77.697,-116.17511,120.87525,222.68533,1.7199649,0.41786572,-0.7914411,17869323,6,305,0.106746905,835
1000057000000,63000100000430,1000057000157,1000057000000,63,0.0,1000057000001,-1,-1,1000057000000,1000057000201,2635,289.7831,180.73792,240.38142,6267,18.043734,35.61539,24.750822,88204,2,3,2,45.976734,-167.8085,-9.592843,124.33365,232.148,-0.913683,1.6645788,-0.03140917,3768363,1,430,0.10679126,951
3000046000902,63000300000232,3000046001705,3000046000000,63,0.0,3000046000903,-1,-1,3000046000000,3000046002220,2643,0.0,0.0,0.0,15062,32.935493,14.592143,22.512846,50613,3,1,2,314.30338,300.22522,-312.89084,203.81256,340.3285,-0.2879861,1.3079696,-0.57114774,807279,3,232,0.04487142,485
43000000,63000000000399,43000282,43000000,63,0.0,43000001,-1,-1,43000000,43000318,2650,255.9593,173.07806,212.23795,2157,26.767445,21.18725,1.4519124,12943,2,2,0,195.61623,110.52142,281.8541,115.65386,206.6071,-2.0308404,-0.8328916,2.0884275,18366981,0,399,0.11656922,123
47000000,63000000000407,47000314,47000000,63,0.0,47000001,-1,-1,47000000,47000315,2664,245.88962,162.14772,209.91417,2151,24.992722,22.662128,5.6251,13207,2,2,0,319.32758,48.39403,110.424934,113.67367,200.3856,0.019390156,-1.5791745,-0.940498,1433765,0,407,0.129978,814
3000140000000,63000300001001,3000140000252,3000140000000,63,0.0,3000140000001,-1,-1,3000140000000,3000140000253,2759,258.97162,187.70923,225.1478,13599,35.756413,9.923065,8.408411,35920,4,1,0,293.76038,156.51062,162.93382,129.25464,235.62439,-2.608632,0.14419094,-2.6177733,979216,3,1001,0.10204148,434
3000118000000,63000300000920,3000118000266,3000118000000,63,0.0,3000118000001,-1,-1,3000118000000,3000118000313,2760,326.1028,154.91821,249.41832,13879,32.372517,22.175804,4.344508,41361,3,2,0,218.14122,147.1278,82.30889,115.927345,188.15556,1.4818677,-1.3759432,0.31258434,1298185,3,920,0.14876892,657
27000000,63000000000340,27000307,27000000,63,0.0,27000001,-1,-1,27000000,27000323,2761,341.59464,94.586174,198.8117,1455,26.97893,0.7680902,27.357065,23305,3,0,3,408.08093,-219.95158,-137.32277,104.473816,174.04507,-3.8077471,0.70014495,0.7507239,664073,0,340,0.21203828,31
46000000,63000000000405,46000206,46000000,63,0.0,46000001,-1,-1,46000000,46000207,2817,272.8282,203.54532,237.88551,2860,18.365686,20.232536,17.986591,28840,2,2,2,104.86806,110.48163,277.8485,132.22253,239.74963,2.0202742,-3.0064414,-1.5557692,1351698,0,405,0.0949384,248
42000000,63000000000395,42000269,42000000,63,0.0,42000001,-1,-1,42000000,42000270,2819,284.87738,196.74612,242.1888,1377,24.501253,10.479515,24.901808,24085,2,1,2,123.77379,-76.99918,24.192793,124.67308,221.05432,-3.475536,2.7788632,-1.9887221,709375,0,395,0.12595673,573
44000000,63000000000403,44000207,44000000,63,0.0,44000001,-1,-1,44000000,-1,2840,278.59457,210.77483,252.947,2688,30.032152,21.50931,24.679735,31452,3,2,2,213.98848,-53.859985,-186.7643,131.60364,244.27567,0.25541678,-2.3048184,-0.33776367,1623753,0,403,0.097932205,613
45000000,63000000000404,45000264,45000000,63,0.0,45000001,-1,-1,45000000,-1,2898,277.3036,223.25435,256.9921,1132,20.709959,4.589892,27.45024,22977,2,0,3,4.744774,-64.91406,-84.619026,135.1638,251.01566,-0.3194942,0.662236,-1.16568,19005736,0,404,0.091627,565
2000090000000,63000200000658,2000090000158,2000090000000,63,0.0,2000090000001,-1,-1,2000090000000,2000090000207,2908,275.238,198.20924,242.61913,8545,39.690605,39.91569,10.463539,101920,4,4,1,106.91925,-179.14235,143.77327,126.098236,230.53928,-0.36439145,0.6692903,-0.9654604,5204506,2,658,0.11114883,960
3000113000000,63000300000891,3000113000240,3000113000000,63,0.0,3000113000001,-1,-1,3000113000000,3000113000300,2919,319.82004,213.70107,272.65604,14422,32.502636,29.391323,22.508997,58805,3,3,2,216.62138,-145.2642,-41.185444,130.28952,208.62027,-0.50861555,1.3501825,2.7559118,3911937,3,891,0.1265374,385
6000058000000,63000600000292,6000058000308,6000058000000,63,0.0,6000058000001,-1,-1,6000058000000,6000058000309,2919,272.56998,197.26251,235.906,27063,1.6847203,34.926025,32.116272,196627,0,3,3,-19.164495,-2.8011515,-176.81401,122.77764,215.79674,1.2717946,-1.330943,0.5301843,16233690,6,292,0.12275056,47
1000055000000,63000100000427,1000055000219,1000055000000,63,0.0,1000055000001,-1,-1,1000055000000,1000055000220,2943,299.5946,236.4224,273.86096,6513,27.85183,32.787243,22.089056,86882,3,3,2,134.70651,-150.03162,6.39966,137.58766,245.01945,-1.4550967,-0.82985944,1.4976789,3910852,1,427,0.09703457,145
3000135000000,63000300000988,3000135000265,3000135000000,63,0.0,3000135000001,-1,-1,3000135000000,-1,2975,285.0495,214.81992,256.56177,14487,39.39685,28.00587,22.340704,59296,4,3,2,27.817991,-188.32224,-287.7308,131.6157,237.93382,-2.9619732,1.896114,-0.42591974,6087645,3,988,0.10424792,394
2000022002834,63000500000422,2000022003018,2000022000000,63,0.0,2000022002835,-1,-1,2000022002834,2000022002696,2978,422.15213,296.5823,372.40616,22983,33.342392,39.857445,31.943483,230408,3,4,3,121.37012,326.6808,-329.81238,130.67836,241.49779,0.5874349,-1.0896274,-0.1296947,15758454,5,422,0.109024085,239
3000132000000,63000300000978,3000132000182,3000132000000,63,0.0,3000132000001,-1,-1,3000132000000,3000132000222,3025,297.0987,207.50433,257.1642,14959,36.545143,3.0963213,25.319921,51287,4,0,2,-53.170345,-47.519016,155.57228,131.55325,237.72183,1.2160193,0.5591348,0.59374005,9006069,3,978,0.10833317,532
1000056000000,63000100000429,1000056000232,1000056000000,63,0.0,1000056000001,-1,-1,1000056000000,-1,3069,297.01263,219.3814,262.2421,6267,19.0417,36.081165,24.500162,88205,2,4,2,-20.10948,-77.90228,-24.670483,132.62257,249.46503,2.8677027,0.67198026,2.0588224,3763302,1,429,0.10059923,95
7000062000344,63000700000146,7000062000551,7000062000000,63,0.0,7000062000345,-1,-1,7000062000000,7000062000585,3080,0.0,0.0,0.0,31904,8.919158,12.492321,35.72354,132993,0,1,4,-304.13745,-297.22934,-426.78973,142.8932,254.91103,-0.07272342,-1.8441756,3.975757,17718486,7,146,0.09094407,209
41000000,63000000000393,41000195,41000000,63,0.0,41000001,-1,-1,41000000,41000196,3153,307.51263,244.08224,278.5085,3528,5.6398063,30.68456,22.458078,26099,0,3,2,204.61902,-133.51234,8.420536,136.24744,246.57066,-0.9547282,1.270936,0.6305737,3468987,0,393,0.097515576,241
36000000,63000000000377,36000210,36000000,63,0.0,36000001,-1,-1,36000211,36000311,3196,0.0,0.0,0.0,2132,28.074175,22.789272,2.8092887,13042,3,2,0,262.99854,11.25101,78.00088,124.38338,194.02182,0.49102676,-4.369815,2.0066578,18363488,0,377,0.16276158,919
40000000,63000000000391,40000232,40000000,63,0.0,40000001,-1,-1,40000000,40000233,3226,314.1397,238.31584,281.77902,2861,17.582285,19.768597,16.218239,28808,1,2,1,112.80349,93.313896,293.79898,138.60057,248.79478,0.76236856,-1.9726614,0.6800621,2254413,0,391,0.09937824,272
3000129000000,63000300000972,3000129000218,3000129000000,63,0.0,3000129000001,-1,-1,3000129000000,3000129000260,3273,319.21756,236.9388,282.12326,14260,33.39133,28.169167,14.368458,44456,3,3,1,292.219,-50.2186,21.716114,139.62117,253.4413,-0.63566846,1.5325053,0.07055007,1536405,3,972,0.10060087,940
3000087000864,63000300000798,3000087000970,3000087000000,63,0.0,3000087000865,-1,-1,3000087000864,3000087000713,3376,348.9963,190.2912,267.31998,13366,39.53634,8.844239,0.79173636,34306,4,0,0,35.038925,205.70929,250.2911,125.004616,225.63785,-5.3318377,4.9564114,-0.8339557,11431088,3,798,0.15645386,397
5000087000000,63000500000434,5000087000230,5000087000000,63,0.0,5000087000001,-1,-1,5000087000000,5000087000231,3465,335.9143,261.5536,301.14377,22970,33.59733,36.749996,34.082222,229546,3,4,3,-54.275166,160.96262,-181.88387,146.3629,264.92224,0.99855137,-0.93114954,1.2107276,13752404,5,434,0.096888855,858
39000000,63000000000390,39000225,39000000,63,0.0,39000001,-1,-1,39000000,-1,3500,332.1274,259.2298,302.17657,3330,5.717729,18.070421,23.379501,24949,0,2,2,-95.81189,-98.01981,104.36083,141.89952,257.31152,-2.4209843,0.18086681,3.7846005,1997656,0,390,0.101510905,384
3000000000000,63000000000388,3000000000356,3000000000000,63,0.0,3000000000001,-1,-1,3000000000000,3000000000357,3562,338.49628,248.47159,304.8446,14324,31.543882,18.80163,11.451425,43062,3,2,1,402.97357,115.61794,187.01007,138.15396,244.36462,-3.5269878,2.5700233,0.82314867,1252347,0,388,0.12212982,809
1000050000000,63000100000415,1000050000236,1000050000000,63,0.0,1000050000001,-1,-1,1000050000000,1000050000315,3563,349.77087,267.4921,313.27905,6066,12.022027,32.465187,27.976036,84802,1,3,3,-14.25519,-91.29045,-247.67581,145.29378,269.8489,-2.2494214,0.77169263,0.72371316,16041430,1,415,0.09496992,412
3000046001706,63000300000231,3000046002021,3000046000000,63,0.0,3000046001707,-1,-1,3000046000000,3000046000902,3743,0.0,0.0,0.0,15062,32.44611,15.515502,22.981699,50615,3,1,2,514.9306,-265.6765,23.545929,148.15598,256.9285,1.1984209,1.898366,1.1088371,774602,3,231,0.11126887,115
2001810002150,63000300000354,2001810002346,2001810000000,63,0.0,2001810002151,-1,-1,2001810000046,2001810002397,3745,0.0,0.0,0.0,14226,36.029617,30.423601,11.684387,44278,4,3,1,194.96774,-191.10641,491.4116,158.05331,280.3601,-0.4744886,-1.077021,0.5522289,4949235,3,354,0.08950646,908
7000058000526,63000700000097,7000058000932,7000058000000,63,0.0,7000058000527,-1,-1,7000058000000,7000058001309,3768,0.0,0.0,0.0,32159,6.0283933,3.999967,36.587456,131532,0,0,4,-358.13144,244.79996,-167.09184,150.84392,257.22415,-1.7687905,-4.2401576,-1.1481004,16383853,7,97,0.107898735,211
7000014000000,63000400000298,7000014000297,7000014000000,63,0.0,7000014000001,-1,-1,7000014000000,7000014000345,3844,380.41028,272.74213,339.9594,32218,0.06402645,4.7266893,39.84095,133248,0,0,4,-39.906544,-265.82687,-375.2038,140.6319,252.76364,-2.1749513,-0.4285999,-0.3184879,19250853,4,298,0.117287345,88
3000115000000,63000300000904,3000115000183,3000115000000,63,0.0,3000115000001,-1,-1,3000115000000,3000115000184,3864,376.45123,292.96756,342.4553,14104,39.704803,20.745623,9.4894,43654,4,2,1,285.82056,-102.765366,391.63672,147.73578,272.0452,2.3622572,1.0799872,-1.734609,8337970,3,904,0.10568656,375
37000000,63000000000383,37000284,37000000,63,0.0,37000001,-1,-1,37000000,37000285,3948,381.44305,300.79953,354.33237,2916,20.72919,22.830309,25.847221,30963,2,2,2,140.7532,29.721191,-195.29247,147.11765,243.58293,-2.7418222,1.713507,2.6850429,1773880,0,383,0.1285699,362
1000035000000,63000100000350,1000035000282,1000035000000,63,0.0,1000035000001,-1,-1,1000035000000,1000035000326,4120,367.41434,226.43878,309.83643,6554,25.885391,37.538715,25.238384,88732,2,4,2,33.827698,-78.47576,64.92767,128.79152,228.22437,-5.2657294,4.4579062,2.7144883,3714079,1,350,0.1630547,147
1000044000000,63000100000394,1000044000316,1000044000000,63,0.0,1000044000001,-1,-1,1000044000000,1000044000317,4150,407.8652,274.72162,346.32825,6558,24.377277,37.289455,25.984907,88752,2,4,2,124.48479,-30.04856,-87.91259,144.343,253.91187,-1.574211,0.18100962,-2.901932,3747735,1,394,0.12978122,934
1000030000000,63000100000309,1000030000232,1000030000000,63,0.0,1000030000001,-1,-1,1000030000000,1000030000264,4190,481.27924,290.47165,395.9021,6263,16.651209,33.711533,23.822409,88081,1,3,2,-101.47651,-38.60681,-93.81771,132.48936,219.94774,5.682633,8.112919,2.3212607,3758974,1,309,0.16642399,695
3000108000000,63000300000873,3000108000299,3000108000000,63,0.0,3000108000001,-1,-1,3000108000000,3000108000300,4197,404.42258,285.39377,338.06595,13875,33.97267,20.865047,4.8003755,41354,3,2,0,157.04385,126.61517,202.71701,144.78978,272.28647,2.1306756,-0.69384676,-3.198553,1276166,3,873,0.119097896,151
34000000,63000000000371,34000307,34000000,63,0.0,34000001,-1,-1,34000000,34000308,4286,431.61935,330.92252,386.8652,863,7.8547153,12.002752,27.054478,20132,0,1,3,-238.20204,43.000374,-117.12752,153.02946,283.53125,4.185376,-2.260459,3.894702,515873,0,371,0.11253186,923
35000000,63000000000374,35000359,35000000,63,0.0,35000001,-1,-1,35000000,35000397,4290,418.10703,320.25037,366.8119,511,0.15773673,1.8634863,14.561398,2338,0,0,1,-93.277145,18.408499,-24.605377,155.04202,273.55286,-0.96992415,2.1096842,0.42086557,311346,0,374,0.10750969,890
31000000,63000000000363,31000348,31000000,63,0.0,31000001,-1,-1,31000000,31000349,4348,422.84064,285.3077,354.59058,2494,28.262852,30.908085,6.5006747,14322,3,3,0,202.76683,-167.60353,278.05914,139.37004,259.34247,1.3456055,-1.3718454,2.033259,14800761,0,363,0.12505071,697
33000000,63000000000368,33000282,33000000,63,0.0,33000001,-1,-1,33000000,33000283,4391,425.33655,328.34055,382.21765,2578,25.013058,27.252512,18.880684,30263,2,3,2,127.01223,-50.483425,122.608864,154.36273,279.3077,-2.6591446,-0.378818,-2.0686464,1542387,0,368,0.10895263,598
32000000,63000000000366,32000267,32000000,63,0.0,32000001,-1,-1,32000000,32000359,4418,419.48407,310.78314,374.47174,1345,30.00468,12.808955,23.741476,24266,3,1,2,343.75415,109.089165,-17.899334,145.6726,263.06772,-0.90695715,2.675201,-2.3031487,784125,0,366,0.12600732,847
1000042000000,63000100000388,1000042000352,1000042000000,63,0.0,1000042000001,-1,-1,1000042000000,-1,4431,412.77097,327.82413,378.68896,5772,1.9974356,33.22591,20.385138,82200,0,3,2,-208.46088,2.7324362,148.70978,149.42798,267.79565,0.5176721,2.3274329,-0.9772623,3486244,1,388,0.11470468,460
3000107000000,63000300000868,3000107000377,3000107000000,63,0.0,3000107000001,-1,-1,3000107000000,3000107000378,4466,447.62756,348.56598,404.25046,14356,37.84113,18.753479,21.433895,57694,4,2,2,150.7959,-217.83081,-86.06762,183.75162,299.59348,-2.097761,1.0262803,-2.8013382,8666481,3,868,0.09547725,779
3000089000000,63000300000760,3000089000295,3000089000000,63,0.0,3000089000001,-1,-1,3000089000000,3000089000361,4526,453.39395,280.14377,383.0783,14952,37.80314,2.1359298,24.99331,51292,4,0,2,-258.312,33.24935,155.24489,142.04854,256.0276,-3.1046782,-3.0943959,0.64879364,9138942,3,760,0.14516711,963
1000038000000,63000100000371,1000038000283,1000038000000,63,0.0,1000038000001,-1,-1,1000038000000,1000038000284,4696,478.8694,336.08646,399.94717,6262,15.635378,32.012432,23.676191,88064,1,3,2,-73.20938,-56.38716,169.06923,153.81801,273.0116,-1.0744956,1.0208769,-0.37744448,3801259,1,371,0.11887597,409
3000101000000,63000300000844,3000101000309,3000101000000,63,0.0,3000101000001,-1,-1,3000101000000,3000101000341,4724,479.04153,366.38156,426.62753,14925,33.5583,0.5683927,27.687645,51464,3,0,3,160.38202,-311.7416,82.80449,149.7407,267.2248,4.837658,-0.7055393,-1.7712032,849933,3,844,0.12847914,508
2000061000000,63000200000549,2000061000229,2000061000000,63,0.0,2000061000001,-1,-1,2000061000000,2000061000230,4769,466.47595,335.31186,407.43488,8407,33.986053,31.599497,8.96705,100364,3,3,1,214.0967,-378.26755,303.4277,152.83846,281.6185,1.6316926,-0.21724057,1.9070486,4912448,2,549,0.12444406,726
25000000,63000000000329,25000311,25000000,63,0.0,25000001,-1,-1,25000000,25000369,4899,556.5006,406.1439,488.68088,2688,30.71086,22.588392,23.849274,31451,3,2,2,130.03151,-137.55069,-28.908224,163.11942,251.80334,-0.28796515,-7.1188684,8.637803,1610614,0,329,0.14738856,946
3000102000000,63000300000847,3000102000334,3000102000000,63,0.0,3000102000001,-1,-1,3000102000000,3000102000335,4952,481.3653,326.79135,420.51688,13715,36.547935,2.0227768,5.120841,33109,4,0,0,124.53674,96.22738,86.008965,147.57945,265.15735,1.4063005,4.3462434,-1.1004567,8257334,3,847,0.140316,451
30000000,63000000000361,30000368,30000000,63,0.0,30000001,-1,-1,30000000,30000369,4972,466.47595,345.984,413.45947,916,9.216013,4.8038073,28.612045,19333,1,0,3,-55.707478,58.58143,134.01033,155.41681,280.2132,-1.6256533,1.8108591,-0.09232656,553947,0,361,0.12687032,534
6000050000000,63000600000264,6000050000307,6000050000000,63,0.0,6000050000001,-1,-1,6000050000000,-1,5016,490.91858,380.066,439.7095,26769,10.32468,31.773445,39.864895,199176,1,3,4,-28.092468,8.867176,-109.796776,158.43228,288.30124,-1.2633504,1.2787334,-0.75411296,17830936,6,264,0.11452338,209
1000000000000,63000000000357,1000000000333,1000000000000,63,0.0,1000000000001,-1,-1,1000000000000,1000000000334,5083,500.9022,357.775,432.82425,8001,21.781137,31.614372,12.488778,72008,2,3,1,158.78424,-190.66522,105.41834,160.69655,294.33997,1.1090164,-0.5709835,-1.047326,4834020,0,357,0.11986153,677
29000000,63000000000359,29000397,29000000,63,0.0,29000001,-1,-1,29000000,29000477,5097,497.4596,367.32828,433.9431,2572,26.30698,27.59798,17.781565,30376,2,3,1,101.18568,-24.110779,201.50342,161.02875,297.9362,2.624437,0.97036165,1.7973608,1522734,0,359,0.116677664,349
28000000,63000000000351,28000395,28000000,63,0.0,28000001,-1,-1,28000000,28000396,5128,525.4309,415.6111,475.42676,2696,29.941898,21.589771,27.859549,31704,3,2,3,-35.073204,4.502358,-401.45187,168.29799,273.65164,-0.5669838,-4.011828,-3.109735,18064895,0,351,0.12780695,805
3000098000000,63000300000829,3000098000369,3000098000000,63,0.0,3000098000001,-1,-1,3000098000000,3000098000370,5372,510.02518,400.20538,460.88168,14995,35.974243,2.074196,20.110975,49488,4,0,2,12.82691,-27.405968,14.081874,165.87643,301.48053,0.8504979,-3.7569983,3.2821865,5603769,3,829,0.11481125,29
3000056001985,63000300000826,3000056002304,3000056000000,63,0.0,3000056001986,-1,-1,3000056001985,3000056002305,5492,566.31213,400.3775,478.95547,15021,36.476604,1.280913,19.307869,49255,4,0,2,186.6064,212.40688,274.6937,159.38219,286.75064,-2.5277722,-2.9242272,-1.6722145,925292,3,826,0.13039863,663
2000025001473,63000200000235,2000025001741,2000025000000,63,0.0,2000025001474,-1,-1,2000025000000,2000025001868,5560,0.0,0.0,0.0,9887,38.538326,35.78024,20.85192,115149,4,4,2,-87.10634,181.6767,79.42118,167.99887,300.07632,-2.4074366,6.578591,5.284017,5939735,2,235,0.123771034,422
24000000,63000000000325,24000496,24000000,63,0.0,24000001,-1,-1,24000000,24000497,5601,588.6892,447.2833,527.9268,2489,27.974083,31.179224,5.375657,14294,3,3,0,163.85461,-265.54703,357.58295,157.13347,279.1988,-0.18453123,-1.6776673,0.0048488663,4887757,0,325,0.13379665,283
7000058000933,63000700000096,7000058001266,7000058000000,63,0.0,7000058000934,-1,-1,7000058000000,7000058000526,5630,0.0,0.0,0.0,32147,5.337475,4.324503,34.918835,131301,0,0,3,-5.122502,326.18536,244.95726,172.2483,291.35858,0.5574643,0.4244072,1.2031299,16371957,7,96,0.12468614,372
26000000,63000000000337,26000404,26000000,63,0.0,26000001,-1,-1,26000000,26000405,5658,545.226,367.41434,456.66446,725,3.287254,9.579453,16.365366,17419,0,1,1,-203.82407,-2.4763114,161.37064,156.43123,277.72357,-4.6571527,-5.0926867,-6.695153,230188,0,337,0.14899862,462
7000071000000,63000700000203,7000071000239,7000071000000,63,0.0,7000071000001,-1,-1,7000071000000,7000071000278,5699,656.3368,502.6235,585.76294,32160,7.595252,2.2400796,36.64055,131421,0,0,4,-268.5825,275.09512,-98.192505,191.45589,292.8923,-8.11382,-5.121884,-4.513884,16390174,7,203,0.12317647,58
3000095000000,63000300000808,3000095000537,3000095000000,63,0.0,3000095000001,-1,-1,3000095000000,3000095000572,5752,577.75885,383.50864,481.27924,14208,37.57781,24.54092,13.770097,44394,4,2,1,197.25609,33.196373,156.36273,156.2509,274.5764,-1.9271724,-0.8491632,3.1168172,8555656,3,808,0.14431736,250
23000000,63000000000320,23000389,23000000,63,0.0,23000001,-1,-1,23000000,23000390,5763,579.1359,440.39804,543.93506,750,7.375647,10.703501,15.627338,17497,0,1,1,-180.2857,-31.922611,236.07982,164.23634,265.21436,-1.4493264,-1.9925988,1.8120114,203963,0,320,0.15544218,664
2000053000000,63000200000523,2000053000321,2000053000000,63,0.0,2000053000001,-1,-1,2000053000000,2000053000457,5920,586.7958,469.23004,533.2629,9769,37.147293,39.86211,23.909601,117832,4,4,2,50.231712,-74.52618,38.9557,176.46701,321.11923,1.9958124,1.1240013,-0.40693283,5979040,2,523,0.1115137,682
7000070000000,63000700000192,7000070000431,7000070000000,63,0.0,7000070000001,-1,-1,7000070000000,7000070000481,6034,560.2015,403.47586,476.45956,32080,5.7897263,13.973915,34.08851,132337,0,1,3,-177.44147,-325.53656,-160.80605,153.22372,268.6411,-1.8387371,-5.540203,-1.8971239,17742281,7,192,0.1549349,265
22000000,63000000000316,22000274,22000000,63,0.0,22000001,-1,-1,22000000,22000275,6085,631.72205,456.3202,571.30396,2466,27.996813,27.064077,7.5570517,14198,3,3,0,208.73027,66.88221,133.89523,164.9601,270.22485,-6.7816834,-0.6650962,-5.8664,1443641,0,316,0.16694908,926
20000000,63000000000297,20000438,20000000,63,0.0,20000001,-1,-1,20000000,20000439,6230,634.21796,406.1439,518.0293,2499,28.958815,29.897797,8.479265,16081,3,3,0,-16.65881,-157.52632,227.97276,154.47949,276.10474,2.666692,-0.15096296,-6.7287545,4886107,0,297,0.1553214,34
15000000,63000000000269,15000285,15000000,63,0.0,15000001,-1,-1,15000000,15000323,6329,629.054,393.14798,527.41046,3100,12.744675,25.624073,18.886374,26229,1,2,2,37.066673,36.095043,264.3621,163.16386,294.11893,-3.670292,-1.5710692,2.1878598,2272018,0,269,0.14200446,921
14000000,63000000000258,14000412,14000000,63,0.0,14000001,-1,-1,14000000,14000638,6498,733.3656,346.32825,568.8941,1467,27.768717,0.18680258,27.305887,23140,3,0,3,186.02092,-186.9017,-140.0841,149.58887,225.56027,3.934899,-1.228566,10.64523,18825382,0,258,0.24566087,569
3000080000000,63000300000699,3000080000346,3000080000000,63,0.0,3000080000001,-1,-1,3000080000000,3000080000347,6516,789.39435,513.89813,683.2754,14329,32.70948,18.610651,12.036783,43283,3,2,1,306.4934,121.07355,172.17253,162.27657,266.81683,-1.933277,4.4781756,-1.8192513,1251409,3,699,0.18977945,716
3000087000000,63000300000743,3000087000479,3000087000000,63,0.0,3000087000001,-1,-1,3000087000000,3000087000480,6539,692.2262,547.46375,618.72614,13361,39.14576,9.273998,2.0693903,34338,4,1,0,-11.2485,211.4846,201.58109,175.556,303.05145,-4.131102,-4.9889655,1.865436,11639355,3,743,0.1320021,458
8001849,63000000000311,8002438,8000000,63,0.0,8001850,-1,-1,8001849,8001785,6667,661.84503,480.50464,580.599,2715,26.431805,22.28519,25.547564,31417,2,2,2,97.73284,49.565758,-308.69156,170.32097,299.692,-6.7723556,3.4417634,1.3565787,17927625,0,311,0.14150885,107
19000000,63000000000285,19000553,19000000,63,0.0,19000001,-1,-1,19000000,19000554,6698,420.689,310.00854,363.54138,3030,22.297972,23.88973,23.064272,30060,2,2,2,89.98677,36.838326,-38.351406,134.8147,239.85385,3.48791,-4.4358306,-10.526738,1766697,0,285,0.23501413,841
7000062000000,63000700000145,7000062000308,7000062000000,63,0.0,7000062000001,-1,-1,7000062000000,7000062000344,6725,706.08276,429.4677,605.12775,31915,8.511379,12.095365,35.069103,132772,0,1,3,-161.89815,-240.92271,-314.4976,161.83826,273.74423,-0.9129827,2.242149,-8.1113205,17721184,7,145,0.18827143,890
3000082000000,63000300000711,3000082000526,3000082000000,63,0.0,3000082000001,-1,-1,3000082000000,3000082000583,6760,717.18524,479.64398,605.12775,14214,36.830296,25.413774,13.999918,44401,4,2,1,316.8315,-85.87855,20.822918,187.90707,312.5873,-4.708307,2.3480291,2.367358,8561971,3,711,0.13106474,391
7000000000000,63000000000293,7000000000533,7000000000000,63,0.0,7000000000001,-1,-1,7000000000000,7000000000608,6795,683.36145,543.2465,618.2097,29581,12.270988,27.28926,31.79313,140882,1,3,3,-31.82978,-63.293087,-200.6424,193.67934,312.18396,1.1093867,-0.008078451,-0.5886818,17777953,0,293,0.13105653,916
3000085000000,63000300000726,3000085000537,3000085000000,63,0.0,3000085000001,-1,-1,3000085000000,3000085000592,6851,684.13605,491.09073,580.68506,13855,38.698742,18.20384,3.2273629,41085,4,2,0,102.64123,-22.792332,357.99588,179.93541,297.59805,1.5593135,2.4139597,0.3791645,11361581,3,726,0.14731137,928
1000016000036,63000100000329,1000016000451,1000016000000,63,0.0,1000016000037,-1,-1,1000016000036,1000016000452,6855,674.49664,518.6317,599.9638,8153,25.184538,31.710655,6.4943404,70433,2,3,0,308.97614,-216.91365,244.0673,174.43985,305.5589,-2.7446802,3.1983957,4.359248,14816785,1,329,0.1362652,237
21000039,63000000000309,21000559,21000000,63,0.0,21000040,-1,-1,21000039,21000000,6921,675.5295,517.16864,600.3941,8062,23.196266,31.431536,10.645566,71785,2,3,1,268.6022,-116.620834,190.19994,185.91794,338.25363,0.7061375,-3.291408,-0.006191659,4852073,0,309,0.12227973,884
18000000,63000000000277,18000430,18000000,63,0.0,18000001,-1,-1,18000000,18000431,7103,676.4762,527.1522,613.30396,2860,19.128387,20.752178,19.45795,28847,2,2,2,62.809772,103.729836,176.89917,191.32848,325.34894,-0.6485287,0.7470842,-1.0539465,1374851,0,277,0.13203199,167
12000000,63000000000241,12000349,12000000,63,0.0,12000001,-1,-1,12000000,12000398,7216,874.5133,464.8407,731.5582,3548,2.1392992,25.96435,20.067305,25880,0,2,2,-169.79593,-111.33796,293.362,168.55078,273.2458,4.6173773,-2.3854556,-0.43278044,2174421,0,241,0.18110254,245
2000050000049,63000200000507,2000050000430,2000050000000,63,0.0,2000050000050,-1,-1,2000050000049,2000050000000,7270,716.6688,561.4064,644.54584,14218,36.076595,31.237307,13.888552,44530,4,3,1,235.25795,-317.60077,-116.411766,180.18039,327.11447,-0.87238944,-0.9738582,1.5428374,5068192,2,507,0.13137466,409
3000083000000,63000300000719,3000083000635,3000083000000,63,0.0,3000083000001,-1,-1,3000083000000,3000083000678,7354,722.7795,509.9391,623.80396,14421,34.112244,29.516815,22.237087,58808,3,3,2,34.497414,-93.47003,-104.354225,173.79454,312.9925,-3.111998,-2.5523672,-0.9208533,8869337,3,719,0.14657232,564
7000069000000,63000700000187,7000069000422,7000069000000,63,0.0,7000069000001,-1,-1,7000069000000,7000069000466,7715,768.4804,567.43097,689.81635,30097,26.37987,25.155752,32.086933,144907,2,2,3,-14.30091,6.844635,-201.65923,184.61398,326.19568,-4.1435704,-0.76142454,-1.1391482,18072020,7,187,0.14088677,104
17000000,63000000000276,17000264,17000000,63,0.0,17000001,-1,-1,17000000,-1,7733,738.8738,604.52527,680.09094,1469,27.694403,2.3643382,25.275175,23124,3,0,2,193.9791,-252.7333,235.51562,198.53827,366.0702,-0.8505329,-0.91812027,-0.6093944,894436,0,276,0.121444166,365
16000000,63000000000274,16000432,16000000,63,0.0,16000001,-1,-1,16000000,16000433,7798,762.5419,579.48016,680.7795,2716,26.436577,20.652525,27.226463,31407,2,2,3,145.33626,154.08852,-291.56723,192.48337,344.47275,-2.54004,3.700978,0.31462637,18043657,0,274,0.1236912,794
11000000,63000000000229,11000380,11000000,63,0.0,11000001,-1,-1,11000000,11000381,7829,890.5215,647.2999,776.4845,1114,20.722353,0.035439517,25.065374,22597,2,0,2,173.03625,-90.00602,56.9523,193.92581,311.70074,2.3436866,4.6619816,2.1631558,652161,0,229,0.15119928,395
1000028000000,63000100000293,1000028000751,1000028000000,63,0.0,1000028000001,-1,-1,1000028000000,1000028000752,8009,868.23047,637.4884,753.1607,5766,0.20715801,35.6623,21.185816,82308,0,3,2,-163.52573,-61.897507,-299.40408,185.7936,302.75122,-1.3098534,1.6181295,10.98696,3421290,1,293,0.16181709,209
13000000,63000000000252,13000461,13000000,63,0.0,13000001,-1,-1,13000000,13000507,8423,822.18536,624.2343,736.6361,2155,26.49347,21.599144,2.3630254,12985,2,2,0,351.89578,27.855864,124.19951,190.4774,333.55524,-3.5733516,-2.3669076,-1.6423647,1318685,0,252,0.14425372,929
2000046000000,63000200000482,2000046000466,2000046000000,63,0.0,2000046000001,-1,-1,2000046000000,2000046000503,8835,872.9641,650.054,770.02954,10069,39.929382,32.35352,19.020359,115238,4,3,2,11.594046,-75.68008,-96.808975,190.49698,341.15427,0.40316817,-0.34244645,3.2517133,6061300,2,482,0.14399032,996
5000065000000,63000500000320,5000065000486,5000065000000,63,0.0,5000065000001,-1,-1,5000065000000,5000065000487,9237,897.40674,682.07043,782.85333,22925,33.519863,32.15889,36.880184,229644,3,3,4,4.6515555,63.3114,-140.37656,195.88141,350.9875,-3.2380319,-6.1083145,1.4528924,13756233,5,320,0.1471902,944
3000077000000,63000300000682,3000077000445,3000077000000,63,0.0,3000077000001,-1,-1,3000077000000,3000077000494,9520,923.39856,667.5253,817.5378,14972,34.325314,6.263877,24.87961,51357,3,0,2,186.2078,-182.90182,-192.34248,195.3149,353.23114,1.0670174,-2.6837492,-2.694054,10726984,3,682,0.149135,920
7000065000000,63000700000162,7000065000543,7000065000000,63,0.0,7000065000001,-1,-1,7000065000000,7000065000591,9624,972.9724,691.79584,857.98865,32135,1.0205694,6.2179856,37.052715,131477,0,0,4,-76.01755,-172.67918,-383.0466,190.0014,330.1126,1.1400121,0.16567026,-2.2093744,19242505,7,162,0.17286511,334
3000073000000,63000300000638,3000073000575,3000073000000,63,0.0,3000073000001,-1,-1,3000073000000,3000073000649,9862,1103.9644,509.9391,829.9313,14963,34.291607,2.4722965,26.803743,51261,3,0,3,45.249954,-224.47847,113.772964,171.87265,305.51404,3.6236253,10.262627,4.131883,8986142,3,638,0.22608982,994
3000076000000,63000300000673,3000076000649,3000076000000,63,0.0,3000076000001,-1,-1,3000076000000,3000076000650,9951,983.9028,743.2631,883.0338,14425,32.533436,24.166748,22.74231,58661,3,2,2,154.18816,-157.99265,-56.166855,197.87335,343.03735,1.8379723,2.7110229,-2.629986,1559291,3,673,0.15667005,224
3000074000000,63000300000654,3000074000571,3000074000000,63,0.0,3000074000001,-1,-1,3000074000000,3000074000594,11000,1234.0096,910.91907,1100.6938,13362,39.555748,9.9423895,3.1400354,34356,4,1,0,36.68244,147.2134,124.22415,203.60558,338.56345,5.398154,7.339148,-3.7819912,8269070,3,654,0.18195422,232
7000058000000,63000700000095,7000058000525,7000058000000,63,0.0,7000058000001,-1,-1,7000058000000,7000058000933,11038,1043.8044,669.76306,867.4559,32160,5.8894544,3.7131927,35.770374,131418,0,0,4,-167.05135,83.35501,-123.04889,187.55403,348.23868,-14.0546665,-1.5779228,12.405023,19122905,7,95,0.19599684,636
4000025000000,63000400000198,4000025000555,4000025000000,63,0.0,4000025000001,-1,-1,4000025000000,4000025000556,11506,1134.6038,892.0707,1015.9192,18325,36.80447,30.069868,39.935795,175313,4,3,4,-29.485056,88.684326,-192.82124,216.5123,385.77905,-0.22342448,6.046848,-0.52282774,11005039,4,198,0.1491861,9
6000043000000,63000600000211,6000043000705,6000043000000,63,0.0,6000043000001,-1,-1,6000043000000,6000043000782,12050,1169.5464,847.23047,1015.1446,26215,25.090826,36.84126,38.70291,201639,2,4,4,182.9849,34.341778,-181.88873,203.35387,359.06738,2.1156318,3.2389414,0.6222566,15903914,6,211,0.17821556,868
7000061000000,63000700000135,7000061000721,7000061000000,63,0.0,7000061000001,-1,-1,7000061000000,7000061000722,12120,1144.5874,768.05005,949.7347,30139,29.04051,30.289934,36.97004,145367,3,3,4,67.60403,17.843557,-137.40721,195.12907,337.32657,-0.17881314,2.5301359,3.2640846,18111807,7,135,0.19930477,40
3000063000000,63000300000541,3000063000545,3000063000000,63,0.0,3000063000001,-1,-1,3000063000000,3000063000752,12701,1358.1163,857.73047,1102.8455,14353,35.204014,15.985729,21.924507,57696,3,1,2,171.74158,33.22344,45.385223,183.3196,318.63138,16.511673,6.057205,-8.113726,1655260,3,541,0.23507974,359
3000071000000,63000300000620,3000071000774,3000071000000,63,0.0,3000071000001,-1,-1,3000071000000,3000071000813,13232,1262.3252,927.70184,1145.7922,14354,35.766678,19.081715,22.443747,57714,4,2,2,25.494997,-163.49417,-398.4651,212.83852,376.77914,0.4689288,2.260088,1.6935611,8897629,3,620,0.1876909,966
10000000,63000000000226,10000681,10000000,63,0.0,10000001,-1,-1,10000000,10000722,13271,1309.1449,944.74286,1118.5956,3541,5.8982577,24.808624,21.478218,25934,0,2,2,-88.165436,39.27634,163.2044,222.34879,401.8713,7.5799985,1.4985994,-2.5197737,1985879,0,226,0.15493253,334
9000000,63000000000216,9000812,9000000,63,0.0,9000001,-1,-1,9000000,9000854,13740,1358.0303,936.6527,1158.7021,928,8.451708,3.0079422,25.885489,18994,0,0,2,-6.7311444,154.70323,189.8903,214.51572,381.56985,-8.794835,0.5437516,1.8267552,584216,0,216,0.19086267,131
8000000,63000000000202,8000656,8000000,63,0.0,8000001,-1,-1,8000000,8001043,15808,1757.8914,1267.9194,1545.5674,2714,25.516758,22.55193,24.558512,31390,2,2,2,132.2603,-96.131744,-71.07581,253.59344,367.63727,-4.775654,-13.000912,13.031612,1628795,0,202,0.21801887,996
3000066000000,63000300000576,3000066000884,3000066000000,63,0.0,3000066000001,-1,-1,3000066000000,3000066000932,16170,1655.301,1122.3824,1408.2065,14251,34.57621,29.170664,8.069867,44171,3,3,0,79.14558,-110.77152,303.24155,226.24107,396.45386,-15.399593,4.490609,-3.9141915,4924946,3,576,0.19690737,373
3000064000000,63000300000554,3000064000603,3000064000000,63,0.0,3000064000001,-1,-1,3000064000000,3000064000684,16257,1660.0347,1219.2063,1465.8705,14490,39.929295,25.34236,20.824854,59142,4,2,2,35.17458,-144.49194,-236.87553,237.83786,420.53735,-2.3994503,0.2763021,-0.47251755,8831683,3,554,0.18442746,204
2000029000000,63000200000314,2000029000795,2000029000000,63,0.0,2000029000001,-1,-1,2000029000000,2000029000796,16504,1913.1538,1031.6692,1560.5427,8411,36.069508,31.767494,10.778777,100452,4,3,1,102.36034,-450.75162,300.03458,224.7188,384.26776,6.934141,-3.1104243,9.502001,5214889,2,314,0.21782358,54
3000058000000,63000300000485,3000058000916,3000058000000,63,0.0,3000058000001,-1,-1,3000058000000,3000058000971,17673,1745.67,1199.4973,1463.2886,14359,38.317757,15.803937,20.310783,57673,4,1,2,196.3363,40.464775,-75.12155,231.36998,415.49002,-6.569072,8.06118,9.196178,8933407,3,485,0.20432875,990
7000000,63000000000191,7000784,7000000,63,0.0,7000001,-1,-1,7000000,7000859,18369,1931.5719,1298.9031,1627.5018,3131,12.10311,27.600489,22.129896,26592,1,3,2,-38.654503,9.820462,135.10071,231.81033,414.51138,14.487283,0.21431136,11.549642,1848320,0,191,0.22348924,918
3000054000000,63000300000435,3000054000461,3000054000000,63,0.0,3000054000001,-1,-1,3000054000000,3000054000523,19232,2268.8633,1163.3497,1897.662,15080,37.41033,12.144297,22.307402,50664,4,1,2,117.71538,129.69997,-16.645159,233.92006,390.6054,-2.1185098,-1.6955419,0.48785716,8944498,3,435,0.25652602,846
3000056000000,63000300000456,3000056000799,3000056000000,63,0.0,3000056000001,-1,-1,3000056000000,3000056000976,20213,2101.5515,1457.436,1823.6455,15020,36.59345,2.4077668,18.57068,49269,4,0,2,56.32218,20.283146,328.20325,236.60847,402.05896,8.618238,-1.1626045,9.750467,8197062,3,456,0.2374173,216
926000013,63000000000181,926001123,926000000,63,0.0,926000014,-1,-1,926000013,926001124,20550,2059.2932,1435.145,1830.1865,29802,23.030834,25.563343,31.53404,144473,2,2,3,82.27363,-38.55484,-173.8694,243.87549,415.2681,3.9736135,-2.4912565,-2.519823,17907166,0,181,0.22090286,553
707000035,63000000000161,707000979,707000000,63,0.0,707000036,-1,-1,707000035,707000980,20979,2224.5393,1497.1123,1843.0103,14794,31.896395,20.151585,23.944221,59520,3,2,2,137.7456,-35.337368,-250.65253,274.86417,424.72827,-4.20995,0.26028973,-1.3014183,1622889,0,161,0.21546094,904
6000000,63000000000140,6001061,6000000,63,0.0,6000001,-1,-1,6000000,6001120,21336,2330.056,1483.8583,1936.994,1140,16.8268,5.787545,28.444777,22919,1,0,3,-40.52722,-63.384132,-17.176428,251.4313,437.34946,-11.316371,-2.7129588,5.134173,684997,0,140,0.21559185,455
5000000,63000000000121,5001030,5000000,63,0.0,5000001,-1,-1,5000000,5001078,22606,2369.1296,1471.0344,1943.9653,3529,7.457952,30.220419,22.63634,26109,0,3,2,92.71991,-9.766306,-35.88173,255.8524,462.2168,1.7658501,5.7224283,-4.560761,3471891,0,121,0.21717581,191
3000053000000,63000300000421,3000053001454,3000053000000,63,0.0,3000053000001,-1,-1,3000053000000,3000053001455,26144,2606.4128,1824.1619,2233.146,13809,37.30408,13.770219,2.2718,34040,4,1,0,159.41211,42.663574,228.65495,266.39755,475.1293,9.948395,-3.755249,1.4246216,11418033,3,421,0.23036288,132
4000000,63000000000108,4001161,4000000,63,0.0,4000001,-1,-1,4000000,4001210,27353,2857.8967,2222.3877,2568.1997,3031,19.81724,24.840963,21.851301,30050,2,2,2,76.58215,-36.967567,73.603455,329.8883,510.239,13.172655,-18.231483,-8.069133,1832346,0,108,0.19457433,53
7000057000000,63000700000060,7000057001805,7000057000000,63,0.0,7000057000001,-1,-1,7000057000000,7000057001806,31332,3277.8972,1954.7235,2838.4458,31893,8.4806595,9.8384285,32.906475,132628,0,1,3,-307.20786,-263.82306,-74.16909,267.54974,449.76447,16.386791,-10.539495,-2.4997926,19181810,7,60,0.28867498,690
2001810000046,63000300000353,2001810002091,2001810000000,63,0.0,2001810000047,-1,-1,2001810000046,2001810002150,32218,3093.7166,2212.4902,2613.8145,14221,36.85572,30.151335,12.145406,44497,4,3,1,104.14828,-126.54615,79.89289,284.97583,501.77954,4.182136,7.2703886,-2.23352,5061646,3,353,0.24929152,24
2000025000000,63000200000234,2000025001345,2000025000000,63,0.0,2000025000001,-1,-1,2000025000000,2000025001473,33711,3467.1555,2358.0273,2980.454,9880,37.89277,36.46269,21.628496,115178,4,4,2,16.60235,-125.20288,-24.77553,291.21884,504.59753,-4.772318,3.9815664,-8.8833475,5936262,2,234,0.25283992,822
2000000,63000000000077,2001542,2000000,63,0.0,2000001,-1,-1,2000000,2001595,33809,3382.295,2404.2446,2911.1714,2499,27.40397,29.87746,9.177303,16084,3,3,1,254.87892,-136.5185,68.7741,301.99652,535.99524,5.52761,-6.9788985,-4.086555,4846146,0,77,0.23306856,396
3000000,63000000000089,3001512,3000000,63,0.0,3000001,-1,-1,3000000,3001573,34019,3455.795,2440.4783,3034.1592,3127,9.782806,30.610786,23.194923,26558,1,3,2,-87.78061,-163.5299,6.3472013,297.16913,517.15894,-4.1932063,-5.681207,-1.571728,3626517,0,89,0.23666908,480
1000000,63000000000030,1001700,1000000,63,0.0,1000001,-1,-1,1000000,1001754,40277,4347.9517,2390.6462,3484.4548,2472,31.207897,24.540237,3.2677135,13935,3,2,0,158.29991,15.664253,231.58942,287.38135,464.057,-0.11448299,4.5494905,-6.682933,1487391,0,30,0.34698457,302
3000046000000,63000300000230,3000046000901,3000046000000,63,0.0,3000046000001,-1,-1,3000046000000,3000046001706,42062,4406.132,3064.7124,3882.3364,15062,32.812275,14.717495,22.31994,50611,3,1,2,314.42227,140.08144,-13.012885,298.37473,480.96817,7.2484474,24.043722,6.0468445,768327,3,230,0.3388821,127
7000056000000,63000700000044,7000056002440,7000056000000,63,0.0,7000056000001,-1,-1,7000056000000,7000056002441,46085,4539.4478,3303.1145,3996.8037,32151,6.933568,7.8104663,33.60353,131323,0,0,3,-268.37125,29.311766,-155.51692,325.53223,580.0961,4.2246103,0.12800811,0.76621526,19199652,7,44,0.26008624,952
0,63000000000000,2493,0,63,0.0,1,-1,-1,0,2494,51984,5044.1367,3600.9878,4333.4927,673,6.5757904,13.08604,25.33813,19662,0,1,2,-81.948235,-35.02461,204.148,341.81827,587.6465,11.250286,13.210495,0.6345225,457089,0,0,0.28403246,106
7000055000000,63000700000000,7000055002591,7000055000000,63,0.0,7000055000001,-1,-1,7000055000000,7000055002909,65586,6447.696,4521.89,5484.9653,32119,1.362385,8.903979,33.674744,132131,0,0,3,-122.89385,-19.978281,83.34288,357.35544,610.59015,-18.288546,-2.076689,24.054014,393135,7,0,0.32894912,949
