galaxyID,lastProgenitorId,descendantId,haloID,subHaloID,fofID,treeId,firstProgenitorId,nextProgenitorId,type,snapnum,redshift,centralMvir,phkey,x,y,z,zIndex,ix,iy,iz,velX,velY,velZ,np,mvir,rvir,vvir,vmax,coldGas,stellarMass,bulgeMass,hotGas,ejectedMass,blackHoleMass,metalsColdGas,metalsStellarMass,metalsBulgeMass,metalsHotGas,metalsEjectedMass,sfr,sfrBulge,xrayLum,diskRadius,coolingRadius,mag_b,mag_v,mag_r,mag_i,mag_k,mag_bBulge,mag_vBulge,mag_rBulge,mag_iBulge,mag_kBulge,mag_bDust,mag_vDust,mag_rDust,mag_iDust,mag_kDust,massWeightedAge,random
78000000,78000181,-1,78000000,63000000000494,63000000000494,78000000,78000001,-1,0,63,0.0,111.28291,836,12.00452,14.908237,25.693981,20210,1,1,2,-118.114136,-77.389404,-5.5715055,1414,111.28291,0.16852175,168.52185,172.94876,1.2015585,2.7489657,0.29687795,12.224079,0.9519237,0.002122022,0.021002196,0.037219442,0.001843422,0.106495954,0.011747669,0.87223226,0.0,43.233215,0.024619672,0.09281232,-20.180624,-20.867464,-21.506453,-22.07833,-23.586714,-17.213133,-18.025816,-18.712767,-19.277622,-20.660418,-20.072847,-20.780867,-21.436943,-22.027729,-23.57172,8.120293,794
78000001,78000181,78000000,78000001,62000000000500,62000000000500,78000000,78000002,-1,0,62,0.019932542,108.78701,836,12.022029,14.923503,25.705975,20210,1,1,2,-113.69204,-77.97457,-5.126619,1388,108.78701,0.16641068,167.67484,174.55959,1.2013874,2.7394047,0.29687795,11.794144,1.0132449,0.0021200804,0.021094808,0.037052084,0.001843422,0.104827635,0.0126372455,0.78230554,0.0,43.240776,0.025398104,0.09271802,-20.1835,-20.882357,-21.523474,-22.093811,-23.596636,-17.237228,-18.048563,-18.734457,-19.298258,-20.67946,-20.07126,-20.79605,-21.455248,-22.044432,-23.581987,7.8847566,757
78000002,78000181,78000001,78000002,61000000000525,61000000000525,78000000,78000003,-1,0,61,0.041403063,107.58209,836,12.040945,14.943425,25.713455,20210,1,1,2,-108.34322,-80.377884,-6.803731,1350,107.58209,0.16487317,167.51935,175.7348,1.1796982,2.7304254,0.29687795,11.7508135,1.0886574,0.0021180066,0.021020055,0.03689362,0.001843422,0.100460775,0.013716692,0.36756492,0.0,43.191654,0.029815476,0.09136139,-20.148924,-20.881964,-21.531557,-22.104942,-23.612562,-17.262926,-18.07269,-18.757376,-19.319944,-20.699295,-20.07712,-20.824041,-21.484991,-22.071033,-23.602505,7.6343765,65
78000003,78000181,78000002,78000003,60000000000516,60000000000516,78000000,78000004,-1,0,60,0.064493395,105.258316,836,12.054209,14.9654255,25.72157,20210,1,1,2,-106.70744,-81.926315,-4.8790784,1337,105.258316,0.16267508,166.81598,173.64569,1.1404549,2.7260232,0.29687795,11.575606,1.1958704,0.0021159202,0.02074967,0.03681445,0.001843422,0.09897841,0.015143286,0.2140255,0.0,43.2336,0.031022815,0.09135261,-20.26428,-20.963205,-21.593864,-22.156454,-23.653101,-17.290203,-18.098194,-18.781487,-19.342684,-20.719954,-20.195192,-20.909092,-21.550753,-22.125122,-23.643728,7.3586273,840
78000004,78000181,78000003,78000004,59000000000539,59000000000539,78000000,78000005,-1,0,59,0.08928783,101.643555,836,12.070224,14.994912,25.72759,20210,1,1,2,-96.40955,-86.492645,-0.45794615,1257,101.643555,0.15970673,165.44295,172.5821,1.0832675,2.7233574,0.29687795,10.88742,1.3336692,0.002113816,0.020294894,0.03676532,0.001843422,0.09756636,0.0169189,3.599361,0.0,43.24655,0.02060924,0.091553584,-20.68369,-21.22079,-21.78637,-22.31218,-23.7604,-17.319277,-18.125235,-18.806952,-19.36664,-20.74184,-20.522648,-21.090784,-21.681824,-22.235905,-23.73762,7.0663767,475
78000005,78000153,78000004,78000005,58000000000503,58000000000503,78000000,78000006,78000154,0,58,0.11588337,96.99601,836,12.093138,15.02179,25.730074,20210,1,1,2,-91.03887,-88.07069,3.76626,1183,96.99601,0.15606767,163.48972,174.8591,1.1619037,2.6736805,0.29366714,9.954564,1.3601704,0.0018728253,0.022414265,0.035925895,0.0018400694,0.0928466,0.017767044,1.4428784,0.0,43.617306,0.018976608,0.090849794,-20.465261,-21.09052,-21.699446,-22.249405,-23.728937,-17.332983,-18.138506,-18.819572,-19.378862,-20.755033,-20.222115,-20.906702,-21.553244,-22.141655,-23.694393,6.87359,575
78000006,78000153,78000005,78000006,57000000000523,57000000000523,78000000,78000007,-1,0,57,0.14438343,87.27059,836,12.112962,15.052245,25.725195,20210,1,1,2,-95.548584,-87.711624,9.511374,1177,87.27059,0.14943767,158.4798,178.31061,1.1033889,2.6544333,0.29366714,8.265918,1.4785482,0.0018711763,0.022151563,0.0355473,0.0018400694,0.09073458,0.019507302,1.0955865,0.0,43.556454,0.020268079,0.09303652,-20.480663,-21.115005,-21.7228,-22.271051,-23.749308,-17.366062,-18.169073,-18.848228,-19.405754,-20.779734,-20.277277,-20.95338,-21.592617,-22.175367,-23.719854,6.6017013,454
78000007,78000153,78000006,78000007,56000000000499,56000000000499,78000000,78000008,-1,0,56,0.17489761,78.49189,836,12.135226,15.076243,25.718739,20210,1,1,2,-98.00379,-87.346146,10.073423,1163,78.49189,0.14295654,153.66692,171.7686,1.0270966,2.6393788,0.29366714,6.723027,1.6259947,0.0018697634,0.021376876,0.0352396,0.0018400694,0.08900268,0.021529231,3.3287704,2.020626E-5,43.49481,0.020616839,0.09538471,-20.694956,-21.253435,-21.826635,-22.355719,-23.813238,-17.401114,-18.201284,-18.878277,-19.433874,-20.805452,-20.513475,-21.107971,-21.709265,-22.269386,-23.7866,6.308213,55
78000008,78000118,78000007,78000008,55000000000509,55000000000509,78000000,78000009,78000119,0,55,0.20754863,74.10255,836,12.16116,15.105983,25.70611,20210,1,1,2,-98.750916,-88.05525,13.414914,1098,74.10255,0.13886209,151.49374,171.92998,1.0456419,2.5490983,0.25036255,5.9332547,1.643441,0.0016332347,0.021566475,0.03402773,0.0015651707,0.08640373,0.021646576,1.4343249,0.0,43.650555,0.016415179,0.09527491,-20.547565,-21.171875,-21.776827,-22.321474,-23.795664,-17.255957,-18.051868,-18.72584,-19.278252,-20.642878,-20.251736,-20.936056,-21.585411,-22.179317,-23.750492,6.0441904,454
78000009,78000118,78000008,78000009,54000000000467,54000000000467,78000000,78000010,-1,0,54,0.24246909,71.86484,836,12.18367,15.12877,25.698683,20210,1,1,2,-99.09098,-87.96465,19.010557,1060,71.86484,0.13596946,150.76743,174.19688,0.8869851,2.5283701,0.25036255,5.590915,1.7903355,0.0016322057,0.018984929,0.033594597,0.0015651707,0.08657684,0.02339716,2.5768104,0.0,43.650436,0.01039466,0.095257506,-20.734335,-21.303244,-21.886131,-22.418972,-23.881266,-17.29589,-18.088602,-18.760252,-19.310732,-20.673203,-20.112654,-20.806953,-21.477352,-22.106825,-23.77124,5.7450986,124
78000010,78000118,78000009,78000010,53000000000486,53000000000486,78000000,78000011,-1,0,53,0.2798018,71.00418,836,12.204669,15.161421,25.695148,20210,1,1,2,-100.79302,-88.20541,19.043898,1041,71.00418,0.13382776,151.05629,171.85043,0.8357298,2.4903529,0.25036255,5.4499884,1.8799256,0.0016311825,0.017733749,0.032788254,0.0015651707,0.08595647,0.024074066,1.6614308,0.0,43.663483,0.011986702,0.094300605,-20.69851,-21.297415,-21.884876,-22.415585,-23.877699,-17.339714,-18.12917,-18.798595,-19.347036,-20.707787,-20.256897,-20.945303,-21.597391,-22.199368,-23.805696,5.4755707,48
78000011,78000118,78000010,78000011,52000000000464,52000000000464,78000000,78000012,-1,0,52,0.31970343,72.2091,836,12.235879,15.196985,25.67548,20210,1,1,2,-100.96726,-87.18392,21.025137,1019,72.2091,0.13284595,152.89445,170.35606,0.67225933,2.4654012,0.25036255,5.6404,1.891129,0.0016301203,0.015103983,0.0322512,0.0015651707,0.08321016,0.023432061,3.0720298,0.0,43.686695,0.0072377375,0.09147065,-20.933184,-21.45814,-22.010834,-22.524048,-23.96345,-17.384325,-18.169895,-18.836666,-19.382776,-20.741692,-19.951103,-20.65034,-21.335182,-21.99926,-23.769619,5.1683507,749
78000012,78000118,78000011,78000012,51000000000479,51000000000479,78000000,78000013,-1,0,51,0.36234027,70.05746,836,12.270217,15.228344,25.67129,20210,1,1,2,-100.31013,-85.8658,24.93909,954,70.05746,0.1296631,152.4365,169.02087,0.67181957,2.4185817,0.25036255,5.21099,1.9228153,0.0016290442,0.015148018,0.031202551,0.0015651707,0.08047196,0.023045484,5.1897063,0.0,43.663284,0.005662635,0.08980206,-21.125994,-21.586218,-22.108116,-22.60516,-24.019838,-17.432741,-18.214436,-18.878534,-19.422388,-20.780302,-19.730984,-20.411299,-21.105406,-21.805819,-23.695017,4.8985825,885
78000013,78000118,78000012,78000013,50000000000487,50000000000487,78000000,78000014,-1,0,50,0.40789944,70.31565,836,12.301962,15.259965,25.66317,20210,1,1,2,-100.98806,-86.585526,25.499487,926,70.31565,0.12783207,153.80699,172.90875,0.90861833,2.3385532,0.25036255,5.1235843,1.7615023,0.0016279836,0.018072467,0.029511692,0.0015651707,0.07622397,0.019518146,6.2821455,0.0,43.657917,0.006716167,0.08640517,-21.179956,-21.617203,-22.130585,-22.617949,-24.013443,-17.484537,-18.262371,-18.923891,-19.465668,-20.823511,-20.095882,-20.71737,-21.379124,-22.040962,-23.818268,4.688884,480
78000014,78000118,78000013,78000014,49000000000455,49000000000455,78000000,78000015,-1,0,49,0.45657724,71.77877,836,12.345889,15.298907,25.65458,20210,1,1,2,-100.73884,-86.56986,27.106606,889,71.77877,0.12656654,156.17392,177.26685,1.2691371,2.2408438,0.25036255,5.2201953,1.5334758,0.001626888,0.020769954,0.027753776,0.0015651707,0.07278373,0.015161543,4.3948812,0.0,43.698406,0.010643735,0.08324322,-21.024746,-21.501,-22.032784,-22.527332,-23.931631,-17.537079,-18.31,-18.967875,-19.506313,-20.861862,-20.405403,-21.013645,-21.63029,-22.214396,-23.805277,4.5108438,482
78000015,78000118,78000014,78000015,48000000000550,48000000000550,78000000,78000016,-1,0,48,0.5085914,68.42221,836,12.401637,15.333441,25.647085,20210,1,1,2,-101.29871,-85.29855,27.97952,835,68.42221,0.12230766,155.11067,178.74937,1.1734312,2.1721137,0.25036255,6.2362566,1.410122,0.001625272,0.0191591,0.02667053,0.0015651707,0.05590931,0.013733271,2.1632996,0.0,43.726643,0.014965587,0.07918568,-20.789701,-21.351112,-21.915562,-22.424143,-23.846626,-17.592007,-18.35928,-19.012575,-19.546484,-20.897577,-20.489359,-21.121498,-21.730425,-22.284803,-23.798157,4.271869,855
78000016,78000118,78000015,78000016,47000000000570,47000000000570,78000000,78000017,-1,0,47,0.5641766,66.873024,836,12.446843,15.3685055,25.62236,20210,1,1,2,-100.99361,-83.7195,24.810244,787,66.873024,0.118998185,155.46237,183.7201,1.0354477,2.1382072,0.25036255,6.0302863,1.5321543,0.0016238971,0.018016504,0.02610461,0.0015651707,0.054528434,0.0150363445,1.771221,0.0,43.74294,0.014444193,0.077626616,-20.87722,-21.42451,-21.975233,-22.474092,-23.886162,-17.649227,-18.410234,-19.05852,-19.5875,-20.933983,-20.604637,-21.205547,-21.798183,-22.3435,-23.84566,3.9600527,809
78000017,78000118,78000016,78000017,46000000000596,46000000000596,78000000,78000018,-1,0,46,0.6235901,62.569744,836,12.489323,15.385752,25.608696,20210,1,1,2,-96.21311,-78.64207,30.880852,707,62.569744,0.11392359,153.68991,168.68343,0.86626166,2.1104743,0.25036255,5.3192825,1.7165716,0.0016225906,0.016700057,0.025601747,0.0015651707,0.053025607,0.016896155,6.1559076,2.9737345E-4,43.72631,0.009679899,0.07724378,-21.477926,-21.851997,-22.338518,-22.809498,-24.191868,-17.70929,-18.462864,-19.105303,-19.628353,-20.968872,-20.926268,-21.399443,-21.96845,-22.533642,-24.104963,3.6334581,224
78000018,78000095,78000017,78000018,45000000000582,45000000000582,78000000,78000019,78000096,0,45,0.6871088,58.43859,836,12.526558,15.425162,25.582956,20210,1,1,2,-93.26317,-77.527855,29.841253,702,58.43859,0.10881688,151.97484,172.17169,1.0265918,1.9350374,0.17088513,4.6373186,1.601798,0.0013220715,0.018576449,0.023372713,0.0010308533,0.04817344,0.015708128,4.5698256,0.0,43.834248,0.008340862,0.074976444,-21.115622,-21.581314,-22.10008,-22.579529,-23.964947,-17.326317,-18.072002,-18.709284,-19.226816,-20.556335,-20.30339,-20.922934,-21.553776,-22.159555,-23.81423,3.3693733,339
78000019,78000095,78000018,78000019,44000000000563,44000000000563,78000000,78000020,-1,0,44,0.75503564,54.565636,836,12.568104,15.472993,25.567022,20210,1,1,2,-90.494255,-77.31228,25.011028,688,54.565636,0.103748135,150.3971,166.02345,1.0638883,1.86435,0.17088513,4.0308766,1.5762562,0.0013212132,0.018939035,0.022107475,0.0010308533,0.045799144,0.015089387,4.0271325,0.0,43.801914,0.0092212595,0.07370222,-21.09846,-21.575857,-22.096806,-22.57431,-23.95826,-17.389713,-18.128502,-18.760433,-19.273226,-20.599827,-20.417406,-21.02426,-21.642773,-22.230452,-23.842749,3.1182806,548
78000020,78000095,78000019,78000020,43000000000549,43000000000549,78000000,78000021,-1,0,43,0.8276991,53.44678,836,12.614671,15.493256,25.558422,20210,1,1,2,-89.0115,-76.79207,20.247213,667,53.44678,0.10032456,151.36557,169.3944,1.0280236,1.8027523,0.17088513,3.923318,1.5795958,0.0013204042,0.018069867,0.021026025,0.0010308533,0.044942442,0.014492113,4.430717,0.0,43.83341,0.008282869,0.071971074,-21.179861,-21.642635,-22.154549,-22.624,-23.99665,-17.45811,-18.190023,-18.816517,-19.32432,-20.64725,-20.349598,-20.966604,-21.587862,-22.180588,-23.81896,2.851003,427
78000021,78000095,78000020,78000021,42000000000561,42000000000561,78000000,78000022,-1,0,42,0.9054624,53.10252,836,12.659321,15.537175,25.562138,20210,1,1,2,-86.523544,-76.48892,20.280565,619,53.10252,0.09729533,153.20802,166.82198,0.95771253,1.7359672,0.17088513,4.081208,1.5911353,0.0013195357,0.017047266,0.019866385,0.0010308533,0.043800943,0.014035248,4.796772,0.0,43.890144,0.0073880604,0.069863446,-21.255568,-21.707897,-22.212458,-22.674236,-24.037004,-17.533422,-18.258572,-18.880236,-19.38488,-20.707262,-20.354776,-20.968668,-21.59691,-22.201914,-23.873198,2.5915666,812
78000022,78000095,78000021,78000022,41000000000580,41000000000580,78000000,78000023,-1,0,41,0.98870814,51.12301,836,12.696616,15.575212,25.553112,20211,1,1,2,-84.14946,-76.26757,16.750618,606,51.12301,0.09319484,153.59683,171.0822,0.936415,1.6649724,0.17088513,3.8225405,1.6125317,0.0013186923,0.016606769,0.0186155,0.0010308533,0.042252798,0.013507572,5.511039,0.0,43.900726,0.0066761724,0.06789394,-21.363077,-21.803305,-22.30007,-22.754465,-24.111063,-17.62634,-18.347624,-18.966164,-19.468933,-20.793087,-20.32065,-20.941023,-21.5759,-22.192785,-23.9098,2.3388295,635
78000023,78000095,78000022,78000023,40000000000537,40000000000537,78000000,78000024,-1,0,40,1.0778745,49.91809,3259,12.738914,15.637424,25.534786,27233,1,1,2,-83.27171,-76.86162,12.067337,629,49.91809,0.089516826,154.86263,171.67163,0.97123003,1.5851512,0.17088513,3.6720757,1.6088387,0.0013178734,0.016423874,0.017242659,0.0010308533,0.040635858,0.012431911,4.8665075,0.0,43.923542,0.007324345,0.06541894,-21.415419,-21.845444,-22.325928,-22.764835,-24.098211,-17.724844,-18.438898,-19.050882,-19.547071,-20.86677,-20.466158,-21.064678,-21.669798,-22.251495,-23.89519,2.0996897,962
78000024,78000095,78000023,78000024,39000000000490,39000000000490,78000000,78000025,-1,0,39,1.173417,49.659893,3259,12.796089,15.681695,25.529367,27233,1,1,2,-80.9377,-77.98642,9.327698,667,49.659893,0.08635375,157.26506,167.19742,0.8996179,1.5164235,0.17088513,3.7029393,1.6780688,0.0013170489,0.014849836,0.016107667,0.0010308533,0.040178396,0.011909394,4.8209596,0.0,43.981144,0.0065760147,0.06315245,-21.588568,-21.971584,-22.41573,-22.830153,-24.126862,-17.844467,-18.552015,-19.15842,-19.649164,-20.966827,-20.647987,-21.197254,-21.767439,-22.325594,-23.932724,1.8478788,559
78000025,78000095,78000024,78000025,38000000000474,38000000000474,78000000,78000026,-1,0,38,1.2758462,52.67219,3259,12.840679,15.737719,25.526892,27233,1,1,2,-80.122536,-81.17134,7.4674973,639,52.67219,0.08493632,163.31044,171.45482,0.7048318,1.4502661,0.17088513,4.3478703,1.8065115,0.0013161283,0.012592307,0.01501645,0.0010308533,0.039915122,0.0119327195,16.868778,0.0030196914,44.10588,0.00417042,0.059851483,-22.133282,-22.387083,-22.765944,-23.142511,-24.373436,-17.973007,-18.667423,-19.265577,-19.750498,-21.064455,-20.542496,-21.022505,-21.6,-22.222927,-24.046722,1.5952187,397
78000026,78000078,78000025,78000026,37000000000467,37000000000467,78000000,78000027,78000079,0,37,1.3857181,53.791046,3259,12.893134,15.792423,25.516209,27233,1,1,2,-80.770065,-83.03422,2.3868842,635,53.791046,0.08233538,167.62227,174.88132,1.3558459,1.0973144,0.042053428,4.4737716,1.463405,7.1698363E-4,0.017275468,0.010986439,1.8795188E-4,0.029030386,0.008591003,10.939863,0.0,44.24898,0.0059326673,0.0508345,-21.826641,-22.099194,-22.478222,-22.846098,-24.061546,-16.48435,-17.166815,-17.756855,-18.228256,-19.500149,-20.528406,-21.009418,-21.564411,-22.141336,-23.817942,1.4160215,444
78000027,78000078,78000026,78000027,36000000000460,36000000000460,78000000,78000028,-1,0,36,1.5036365,52.50006,3259,12.930637,15.806207,25.532238,27233,1,1,2,-79.026634,-78.34366,-0.1427968,573,52.50006,0.07846775,169.63063,177.9849,1.4903699,0.957026,0.042053428,4.2944875,1.4221973,7.164126E-4,0.016790437,0.00932066,1.8795188E-4,0.023897044,0.008261869,12.451013,3.8183093E-4,44.243435,0.0056816963,0.046384826,-21.84723,-22.097733,-22.458412,-22.806238,-23.972485,-16.611439,-17.281067,-17.862186,-18.325878,-19.590418,-20.59148,-21.045576,-21.57851,-22.128338,-23.736853,1.2924311,958
78000028,78000065,78000027,78000028,35000000000442,35000000000442,78000000,78000029,78000066,0,35,1.6302707,44.237755,3259,12.974402,15.823127,25.521679,27233,1,1,2,-69.0432,-71.06492,-8.028054,544,44.237755,0.07107315,163.61147,181.82715,1.0591643,0.79469097,0.033286255,3.6101432,1.3670787,4.5443408E-4,0.013462416,0.007488401,1.6389228E-4,0.020388866,0.00798526,6.2016644,0.0,44.261505,0.006229716,0.045881204,-21.470009,-21.764402,-22.14772,-22.509178,-23.707275,-16.418303,-17.084755,-17.662933,-18.125895,-19.400259,-20.43847,-20.91442,-21.445831,-21.975891,-23.528492,1.2008328,297
78000029,78000065,78000028,78000029,34000000000423,34000000000423,78000000,78000030,-1,0,34,1.766336,37.43857,3259,12.983292,15.840688,25.502586,27233,1,1,2,-51.157032,-65.21436,7.7179494,443,37.43857,0.06435008,158.18126,156.04684,0.8395315,0.7213661,0.033286255,2.4737468,1.4719799,4.5417284E-4,0.012102521,0.0065085306,1.6389228E-4,0.018141977,0.008491802,6.289531,0.0,44.127003,0.005112534,0.04441965,-21.510933,-21.780945,-22.144241,-22.493368,-23.673216,-16.544785,-17.190527,-17.756062,-18.209646,-19.474106,-20.288244,-20.757925,-21.293322,-21.845757,-23.461248,1.0250406,236
78000030,78000065,78000029,78000030,33000000000441,33000000000441,78000000,78000031,-1,0,33,1.9126327,29.60659,3259,12.980962,15.877544,25.496264,27233,1,1,2,-37.09227,-69.8595,5.8681297,409,29.60659,0.056857582,149.64767,147.68686,0.7679697,0.6503069,0.033286255,1.4630413,1.5412776,4.5398332E-4,0.011404352,0.0054752575,1.6389228E-4,0.015238823,0.008199846,13.3001375,7.811665E-4,43.946068,0.003857572,0.043903165,-21.734049,-21.946583,-22.27235,-22.598063,-23.725946,-16.716816,-17.340261,-17.893608,-18.338825,-19.598925,-20.051401,-20.499344,-21.040672,-21.636831,-23.396444,0.85099655,673
78000031,78000054,78000030,78000031,32000000000465,32000000000465,78000000,78000032,78000055,0,32,2.0700274,30.553314,3259,13.014413,15.9141655,25.499594,27233,1,1,2,-29.540854,-74.99602,5.2425075,369,30.553314,0.05480194,154.84642,155.31493,1.0755475,0.48088467,0.006991112,2.0114698,1.1497487,1.9177835E-4,0.011602489,0.0035928953,2.1828651E-5,0.010947512,0.0043231305,6.955716,0.0,44.142467,0.005875497,0.03843935,-21.498817,-21.70987,-22.023565,-22.32963,-23.399733,-15.067942,-15.663439,-16.200506,-16.62956,-17.81789,-20.513317,-20.88316,-21.333397,-21.800716,-23.219137,0.7485724,960
78000032,78000054,78000031,78000032,31000000000455,31000000000455,78000000,78000033,-1,0,31,2.2394855,29.176262,3259,13.031737,15.963395,25.499998,27233,1,1,2,-32.424717,-74.862495,-0.8897953,355,29.176262,0.051383615,156.26886,167.68849,0.9208607,0.40979144,0.006991112,2.0098164,1.1322442,1.9170094E-4,0.009876362,0.0028458226,2.1828651E-5,0.009891028,0.0037366345,10.393505,0.0016992409,44.186848,0.0052639167,0.036410764,-21.613102,-21.767067,-22.041653,-22.320427,-23.331114,-15.268531,-15.829419,-16.348896,-16.767836,-17.944439,-20.747547,-21.044739,-21.44794,-21.877472,-23.195082,0.6121445,622
78000033,78000044,78000032,78000033,30000000000399,30000000000399,78000000,78000034,78000045,0,30,2.422044,27.368883,3259,13.06637,16.01704,25.50318,27233,1,1,2,-33.554596,-76.70591,-3.1180415,338,27.368883,0.04781332,156.9004,165.12657,0.9475751,0.3022318,0.0,1.8744696,0.9751399,0.0,0.008708339,0.0018721003,0.0,0.007009487,0.0026737668,6.5057273,0.0,44.198544,0.0054161036,0.03195278,-21.329824,-21.46279,-21.717422,-21.982502,-22.965424,99.0,99.0,99.0,99.0,99.0,-20.575619,-20.849436,-21.222567,-21.618387,-22.856777,0.5231152,116
78000034,78000044,78000033,78000034,29000000000396,29000000000396,78000000,78000035,-1,0,29,2.6188614,23.581993,3259,13.102582,16.091202,25.479767,27233,1,1,2,-48.003304,-87.31651,-2.0789156,264,23.581993,0.043178678,153.25885,153.49028,0.81849486,0.24278516,0.0,1.376762,0.95303255,0.0,0.0074442825,0.0013340269,0.0,0.0053293603,0.0022844914,9.278167,0.0,44.08967,0.0038985088,0.029371584,-21.406374,-21.489012,-21.71119,-21.954353,-22.893599,99.0,99.0,99.0,99.0,99.0,-20.372849,-20.629248,-21.00657,-21.430622,-22.73421,0.405571,947
78000035,78000044,78000034,78000035,28000000000473,28000000000473,78000000,78000036,-1,0,28,2.8311827,17.987726,3259,13.175316,16.147028,25.480478,27233,1,1,2,-60.42289,-90.722084,-8.135454,205,17.987726,0.0373825,143.85466,154.48784,0.93015885,0.16296539,0.0,0.94448805,0.7434826,0.0,0.006483607,7.006385E-4,0.0,0.0023589605,0.0014130047,6.905469,0.0,43.91639,0.0053403038,0.026220737,-21.081724,-21.157495,-21.374338,-21.615685,-22.530378,99.0,99.0,99.0,99.0,99.0,-20.59939,-20.769188,-21.064457,-21.391594,-22.465502,0.34566915,106
78000036,78000044,78000035,78000036,27000000000421,27000000000421,78000000,78000037,-1,0,27,3.060419,16.09428,3259,13.205144,16.183632,25.507017,27233,1,1,2,-51.11028,-86.945816,-12.273957,201,16.09428,0.034080546,142.51234,144.07271,1.0328283,0.10717766,0.0,0.7235448,0.6017254,0.0,0.0054074973,3.6200954E-4,0.0,0.0011218765,0.0010620094,6.6179695,0.0,43.7356,0.0064181886,0.019966867,-20.910707,-20.972502,-21.174776,-21.403141,-22.262287,99.0,99.0,99.0,99.0,99.0,-20.650423,-20.76355,-21.00912,-21.283724,-22.22849,0.2799382,68
78000037,78000044,78000036,78000037,26000000000300,26000000000300,78000000,78000038,-1,0,26,3.3080978,7.659845,3259,13.1756525,16.271896,25.51144,27233,1,1,2,-44.994305,-81.870445,-15.017051,199,7.659845,0.025137497,114.47719,126.28546,1.2930238,0.05710159,0.0,0.0,0.43763104,0.0,0.004172828,1.516391E-4,0.0,0.0,8.8813016E-4,5.629241,0.0,0.0,0.007892248,0.025137497,-20.59903,-20.640514,-20.819263,-21.014473,-21.73074,99.0,99.0,99.0,99.0,99.0,-20.489428,-20.551115,-20.747784,-20.962046,-21.715656,0.26032916,372
78000038,78000044,78000037,78000038,25000000000741,25000000000741,78000000,78000039,-1,0,25,3.575905,6.6270566,3259,13.229261,16.306374,25.49781,27233,1,1,2,-28.956974,-111.03589,-2.5166216,86,6.6270566,0.022596084,112.308784,114.33745,0.31016052,0.017307369,0.0,0.507509,0.17541653,0.0,6.929556E-4,5.465651E-5,0.0,1.1442316E-4,1.2764407E-4,0.55056506,0.0,43.5264,0.0068833344,0.015581041,-18.602444,-18.689795,-18.905035,-19.124477,-19.908617,99.0,99.0,99.0,99.0,99.0,-18.57871,-18.671005,-18.89031,-19.113802,-19.905632,0.4863623,137
78000039,78000044,78000038,78000039,24000000000794,24000000000794,78000000,78000040,-1,0,24,3.8656828,3.7008238,3259,13.247174,16.377756,25.483961,27233,1,1,2,-34.445374,-93.3754,-2.5229993,72,3.7008238,0.017529396,95.287445,101.336685,0.22355282,0.013680279,0.0,0.11370494,0.17455654,0.0,5.3583964E-4,4.6230132E-5,0.0,5.3449192E-5,1.5581581E-4,0.20318586,0.0,42.9005,0.008354753,0.016274482,-17.944767,-18.089338,-18.33953,-18.601912,-19.491806,99.0,99.0,99.0,99.0,99.0,-17.935783,-18.082212,-18.333925,-18.597885,-19.490675,0.43891972,760
78000040,78000044,78000039,78000040,23000000001327,23000000001327,78000000,78000041,-1,0,23,4.1794686,2.065576,3259,13.198799,16.464994,25.503935,27233,1,1,2,-1.7255502,-128.18228,-31.714357,39,2.065576,0.013578006,80.88585,84.901115,0.08146301,0.012435817,0.0,0.0068576117,0.19871332,0.0,3.925165E-4,4.324278E-5,0.0,7.6183956E-6,1.918106E-4,0.3739988,0.0,41.375797,0.0022816276,0.010389968,-18.290483,-18.37882,-18.596033,-18.829285,-19.697697,99.0,99.0,99.0,99.0,99.0,-18.146658,-18.263971,-18.505465,-18.76413,-19.679472,0.32872903,883
78000041,78000044,78000040,78000041,22000000001339,22000000001339,78000000,78000042,-1,0,22,4.5195556,1.6352477,3259,13.22665,16.542974,25.488064,27233,1,1,2,3.3922682,-126.04546,-28.0422,33,1.6352477,0.011801311,77.19632,80.55805,0.04650154,0.010310917,0.0,0.0010468818,0.18827665,0.0,3.179345E-4,3.2789947E-5,0.0,1.678749E-6,1.709482E-4,0.30421236,0.0,40.499992,0.0018882224,0.0059829503,-18.005583,-18.10984,-18.34041,-18.600996,-19.500612,99.0,99.0,99.0,99.0,99.0,-17.814068,-17.955463,-18.216784,-18.511314,-19.473602,0.24864705,584
78000042,78000044,78000041,78000042,21000000001778,21000000001778,78000000,78000043,-1,0,21,4.888449,1.7213135,3259,13.191061,16.598166,25.522476,27233,1,1,2,5.050388,-116.338936,-18.588884,22,1.7213135,0.011264379,81.06741,90.312805,0.05771996,0.008711179,0.0,0.0020817593,0.19098541,0.0,3.025617E-4,2.3237437E-5,0.0,2.6502069E-6,1.3003379E-4,0.55077994,0.0,40.681282,0.0016055431,0.005609919,-18.259048,-18.31822,-18.522474,-18.75714,-19.606733,99.0,99.0,99.0,99.0,99.0,-18.023722,-18.127872,-18.369617,-18.645306,-19.571917,0.15542318,834
78000043,78000044,78000042,78000043,20000000001481,20000000001481,78000000,78000044,-1,0,20,5.2888336,1.549182,3259,13.211787,16.649805,25.522179,27235,1,1,2,5.258038,-109.16548,-20.201305,22,1.549182,0.010192049,80.851944,87.57574,0.06279206,0.006036852,0.0,0.0066414964,0.16286488,0.0,2.3811309E-4,1.1216956E-5,0.0,4.5772E-6,6.382185E-5,0.9360406,0.0,41.512638,0.0013069261,0.008146476,-18.278782,-18.293455,-18.473434,-18.663015,-19.412233,99.0,99.0,99.0,99.0,99.0,-18.09705,-18.144339,-18.353008,-18.574924,-19.38582,0.08100147,730
78000044,78000044,78000043,78000044,19000000001269,19000000001269,78000000,-1,-1,0,19,5.7238646,1.032788,3259,13.223126,16.724768,25.52899,27235,1,1,2,-7.1567745,-101.04011,-24.987812,20,1.032788,0.008333541,73.00637,76.856384,0.08133747,0.0018482268,0.0,0.0063888417,0.06837256,0.0,8.9942354E-5,1.0464931E-6,0.0,8.566413E-7,5.429607E-6,0.44920614,0.0,41.22693,0.0014990548,0.004714653,-17.452402,-17.309574,-17.356873,-17.384054,-17.658857,99.0,99.0,99.0,99.0,99.0,-17.419662,-17.283037,-17.3356,-17.36854,-17.65413,0.028265623,456
78000045,78000054,78000032,78000033,30000000000399,30000000000399,78000000,78000046,-1,2,30,2.422044,27.368883,3259,13.089011,15.98376,25.502623,27233,1,1,2,-247.52753,-92.763016,30.406887,24,0.86065674,0.010141424,60.413708,71.713684,0.02848482,0.006974667,0.0,0.0,0.0,0.0,2.0830217E-4,2.1708162E-5,0.0,0.0,0.0,0.0033764457,0.0,40.307335,0.0024519206,0.006030951,-15.470177,-15.978953,-16.471144,-16.87579,-18.04256,99.0,99.0,99.0,99.0,99.0,-15.364326,-15.892525,-16.401432,-16.825073,-18.027716,1.5407051,416
78000046,78000054,78000045,78000034,29000000000396,29000000000396,78000000,78000047,-1,2,29,2.6188614,23.581993,3259,13.181218,16.05239,25.492018,27233,1,1,2,-71.214645,-129.18277,12.024405,24,0.86065674,0.010141424,60.413708,71.713684,0.02870512,0.0069438145,0.0,0.0,0.0,0.0,2.0828328E-4,2.148347E-5,0.0,0.0,0.0,0.0054707765,0.0,40.307335,0.0024519206,0.006030951,-15.692572,-16.177464,-16.660423,-17.066008,-18.268152,99.0,99.0,99.0,99.0,99.0,-15.599888,-16.10206,-16.599714,-17.021902,-18.255268,1.3274219,355
78000047,78000054,78000046,78000035,28000000000473,28000000000473,78000000,78000048,-1,2,28,2.8311827,17.987726,3259,13.166437,16.142273,25.495153,27233,1,1,2,119.28777,-169.0462,-16.451902,24,0.86065674,0.010141424,60.413708,71.713684,0.029041188,0.0068967496,0.0,0.0,0.0,0.0,2.0823066E-4,2.1144095E-5,0.0,0.0,0.0,0.008609643,0.0,40.307335,0.0024519206,0.006030951,-15.932246,-16.374691,-16.826353,-17.206247,-18.342535,99.0,99.0,99.0,99.0,99.0,-15.839652,-16.298956,-16.765234,-17.161797,-18.329529,1.1289676,933
78000048,78000054,78000047,78000036,27000000000421,27000000000421,78000000,78000049,-1,2,27,3.060419,16.09428,3259,13.134962,16.221952,25.499414,27233,1,1,2,-16.376574,-113.94959,-8.081308,24,0.86065674,0.010141424,60.413708,71.713684,0.029537842,0.006827194,0.0,0.0,0.0,0.0,2.0810093E-4,2.0649948E-5,0.0,0.0,0.0,0.013168977,0.0,40.307335,0.0024519206,0.006030951,-16.100418,-16.456898,-16.842407,-17.173899,-18.18173,99.0,99.0,99.0,99.0,99.0,-16.007296,-16.380327,-16.780478,-17.128809,-18.168518,0.9452534,939
78000049,78000054,78000048,78000037,26000000000300,26000000000300,78000000,78000050,-1,2,26,3.3080978,7.659845,3259,13.172974,16.269794,25.499146,27233,1,1,2,-135.14613,-57.89755,-26.809767,24,0.86065674,0.010141424,60.413708,71.713684,0.030249344,0.0067275497,0.0,0.0,0.0,0.0,2.0780876E-4,1.995714E-5,0.0,0.0,0.0,0.019592507,0.0,40.307335,0.0024519206,0.006030951,-16.290812,-16.591154,-16.940804,-17.256266,-18.236195,99.0,99.0,99.0,99.0,99.0,-16.191513,-16.510542,-16.876036,-17.209291,-18.222515,0.77596754,160
78000050,78000054,78000049,78000038,25000000000741,25000000000741,78000000,78000051,-1,2,25,3.575905,6.6270566,3259,13.245052,16.301493,25.527264,27233,1,1,2,-100.41105,-58.00281,-22.331137,24,0.86065674,0.010141424,60.413708,71.713684,0.031238304,0.0065890476,0.0,0.0,0.0,0.0,2.0719958E-4,1.9022975E-5,0.0,0.0,0.0,0.028378155,0.0,40.307335,0.0024519206,0.006030951,-16.510069,-16.760006,-17.078335,-17.380938,-18.337868,99.0,99.0,99.0,99.0,99.0,-16.410046,-16.678083,-17.012232,-17.332888,-18.323832,0.62048674,755
78000051,78000054,78000050,78000039,24000000000794,24000000000794,78000000,78000052,-1,2,24,3.8656828,3.7008238,3259,13.283803,16.333948,25.533514,27233,1,1,2,-48.069042,-59.02993,-3.1229086,24,0.86065674,0.010141424,60.413708,71.713684,0.032573227,0.006402094,0.0,0.0,0.0,0.0,2.0601458E-4,1.78134E-5,0.0,0.0,0.0,0.04005536,0.0,40.307335,0.0024519206,0.006030951,-16.744518,-16.943823,-17.228407,-17.517122,-18.446404,99.0,99.0,99.0,99.0,99.0,-16.647486,-16.865788,-17.166126,-17.472206,-18.433468,0.4778313,519
78000052,78000054,78000051,78000045,23000000002050,23000000002050,78000000,78000053,-1,0,23,4.1794686,0.86065674,3259,13.335795,16.353981,25.50927,27233,1,1,2,-76.11729,-25.542221,32.760887,24,0.86065674,0.010141424,60.413708,71.713684,0.034324974,0.0061567654,0.0,9.903369E-4,0.11468027,0.0,2.0385311E-4,1.6311898E-5,0.0,9.29165E-7,8.0470396E-5,0.05366827,0.0,40.307335,0.0024519206,0.006030951,-17.004612,-17.166079,-17.426638,-17.707392,-18.612614,99.0,99.0,99.0,99.0,99.0,-16.92029,-17.097387,-17.371439,-17.667406,-18.601015,0.34658247,836
78000053,78000054,78000052,78000046,22000000002211,22000000002211,78000000,78000054,-1,0,22,4.5195556,1.1188537,3259,13.410261,16.34278,25.523949,27233,1,1,2,-68.52917,-21.638458,26.036278,21,1.1188537,0.010399046,68.023636,72.99965,0.036129255,0.0058518453,0.0,8.507544E-4,0.13374498,0.0,2.0005743E-4,1.4566251E-5,0.0,9.90662E-7,8.896077E-5,0.22906068,0.0,40.22863,0.001824962,0.005014263,-17.47064,-17.585583,-17.818043,-18.075726,-18.921106,99.0,99.0,99.0,99.0,99.0,-17.272894,-17.424759,-17.688776,-17.981264,-18.89316,0.22439004,837
78000054,78000054,78000053,78000047,20000000001480,20000000001480,78000000,-1,-1,0,20,5.2888336,1.2049193,3259,13.473786,16.360495,25.506876,27233,1,1,2,-62.075916,-25.7243,25.835983,22,1.2049193,0.00937303,74.35479,77.75298,0.052575264,0.003535092,0.0,0.001412325,0.12274378,0.0,1.4634126E-4,5.2897767E-6,0.0,8.0556373E-7,3.3620858E-5,0.7899941,0.0,43.335316,7.693648E-4,0.01032623,-18.154675,-18.099081,-18.224075,-18.344095,-18.940569,99.0,99.0,99.0,99.0,99.0,-17.456196,-17.526102,-17.758272,-17.991795,-18.81907,0.037713975,349
78000055,78000065,78000030,78000031,32000000000465,32000000000465,78000000,78000056,-1,2,32,2.0700274,30.553314,3259,12.992455,15.932386,25.49105,27233,1,1,2,-30.990454,-34.628693,9.139384,42,2.6680357,0.016684895,82.92854,83.77221,0.032143842,0.026286736,0.0,0.0,0.0,0.0,4.0982742E-4,1.4195638E-4,0.0,0.0,0.0,0.0032730037,0.0,41.485058,0.0020302641,0.014790849,-16.714424,-17.299852,-17.833216,-18.26748,-19.532684,99.0,99.0,99.0,99.0,99.0,-16.509617,-17.13088,-17.696077,-18.16723,-19.50308,1.6099523,281
78000056,78000065,78000055,78000032,31000000000455,31000000000455,78000000,78000057,-1,2,31,2.2394855,29.176262,3259,13.037263,15.948682,25.514278,27233,1,1,2,-46.456547,-74.04057,-32.403797,42,2.6680357,0.016684895,82.92854,83.77221,0.03238271,0.026253285,0.0,0.0,0.0,0.0,4.1110592E-4,1.415308E-4,0.0,0.0,0.0,0.008094382,0.0,41.485058,0.0020302641,0.014790849,-16.947426,-17.48528,-17.993048,-18.417097,-19.684511,99.0,99.0,99.0,99.0,99.0,-16.741062,-17.31508,-17.854946,-18.316168,-19.65473,1.3661894,181
78000057,78000065,78000056,78000033,30000000000399,30000000000399,78000000,78000058,-1,2,30,2.422044,27.368883,3259,13.084624,16.040104,25.489508,27233,1,1,2,-123.75016,-217.8655,85.56301,42,2.6680357,0.016684895,82.92854,83.77221,0.03294206,0.02617495,0.0,0.0,0.0,0.0,4.1404995E-4,1.4054157E-4,0.0,0.0,0.0,0.01903391,0.0,41.485058,0.0020302641,0.014790849,-17.256735,-17.750591,-18.232023,-18.640205,-19.883467,99.0,99.0,99.0,99.0,99.0,-17.065083,-17.595533,-18.10728,-18.549398,-19.85682,1.1372988,811
78000058,78000065,78000057,78000034,29000000000396,29000000000396,78000000,78000059,-1,2,29,2.6188614,23.581993,3259,13.137228,16.117273,25.428373,27233,1,1,2,-52.627697,-62.328003,89.47393,42,2.6680357,0.016684895,82.92854,83.77221,0.034183938,0.026001021,0.0,0.0,0.0,0.0,4.2034138E-4,1.3838058E-4,0.0,0.0,0.0,0.042580917,0.0,41.485058,0.0020302641,0.014790849,-17.476927,-17.861353,-18.26215,-18.610428,-19.709522,99.0,99.0,99.0,99.0,99.0,-17.273018,-17.697504,-18.130867,-18.515118,-19.681677,0.92447084,785
78000059,78000065,78000058,78000035,28000000000473,28000000000473,78000000,78000060,-1,2,28,2.8311827,17.987726,3259,13.157285,16.167587,25.422812,27233,1,1,2,-73.80881,-142.11787,-78.43826,42,2.6680357,0.016684895,82.92854,83.77221,0.036799617,0.025634702,0.0,0.0,0.0,0.0,4.325329E-4,1.3398196E-4,0.0,0.0,0.0,0.09070629,0.0,41.485058,0.0020302641,0.014790849,-17.763926,-18.070852,-18.425394,-18.751202,-19.817638,99.0,99.0,99.0,99.0,99.0,-17.524359,-17.882032,-18.27577,-18.643368,-19.78651,0.7292612,316
78000060,78000065,78000059,78000036,27000000000421,27000000000421,78000000,78000061,-1,2,27,3.060419,16.09428,3259,13.200635,16.202337,25.526735,27233,1,1,2,4.6229224,37.37781,-203.24088,42,2.6680357,0.016684895,82.92854,83.77221,0.042032044,0.024901902,0.0,0.0,0.0,0.0,4.5294603E-4,1.257536E-4,0.0,0.0,0.0,0.18420424,0.0,41.485058,0.0020302641,0.014790849,-18.078924,-18.306866,-18.613497,-18.915129,-19.939337,99.0,99.0,99.0,99.0,99.0,-17.861544,-18.131788,-18.47338,-18.813725,-19.909908,0.55336386,867
78000061,78000065,78000060,78000037,26000000000300,26000000000300,78000000,78000062,-1,2,26,3.3080978,7.659845,3259,13.187938,16.16539,25.604918,27233,1,1,2,5.650853,85.152275,-55.740864,42,2.6680357,0.016684895,82.92854,83.77221,0.051984377,0.023508085,0.0,0.0,0.0,0.0,4.7908182E-4,1.1191549E-4,0.0,0.0,0.0,0.35710016,0.0,41.485058,0.0020302641,0.014790849,-18.399889,-18.555908,-18.816368,-19.091871,-20.059563,99.0,99.0,99.0,99.0,99.0,-18.134624,-18.35098,-18.656551,-18.978823,-20.028095,0.39832225,398
78000062,78000065,78000061,78000051,25000000001337,25000000001337,78000000,78000063,-1,0,25,3.575905,2.6680357,3259,13.23638,16.13965,25.597784,27233,1,1,2,-71.87496,17.240383,-35.543365,42,2.6680357,0.016684895,82.92854,83.77221,0.07000957,0.020983672,0.0,0.008174018,0.28119582,0.0,4.924098E-4,9.1682654E-5,0.0,1.7412345E-5,5.0289894E-4,0.36776516,0.0,41.485058,0.0020302641,0.014790849,-18.697813,-18.808613,-19.04408,-19.303196,-20.226233,99.0,99.0,99.0,99.0,99.0,-18.521294,-18.666098,-18.930223,-19.221071,-20.20262,0.26504642,396
78000063,78000065,78000062,78000052,24000000002276,24000000002276,78000000,78000064,-1,0,24,3.8656828,2.4098387,3259,13.272436,16.154474,25.605364,27233,1,1,2,-69.56553,11.947539,-26.561642,26,2.4098387,0.015193697,82.590904,80.64647,0.03772564,0.018560855,0.0,2.5782513E-4,0.29081446,0.0,4.1091998E-4,7.439563E-5,0.0,7.544917E-7,4.9081683E-4,2.2588253,0.0,0.0,7.3668564E-4,0.015193697,-19.183392,-19.213703,-19.405252,-19.635818,-20.518044,99.0,99.0,99.0,99.0,99.0,-17.98264,-18.199038,-18.563663,-19.00445,-20.322733,0.13319235,985
78000064,78000065,78000063,78000053,23000000002049,23000000002049,78000000,78000065,-1,0,23,4.1794686,1.9795104,3259,13.289418,16.137894,25.621498,27233,1,1,2,-54.24277,-3.348042,-25.419016,25,1.9795104,0.013386741,79.74646,86.162605,0.13636927,0.0047261263,0.0,0.009871109,0.13409936,0.0,2.2270744E-4,4.459597E-6,0.0,2.5898464E-6,1.8986573E-5,0.47791427,0.0,41.410843,0.0033848537,0.0070791366,-18.121557,-18.10967,-18.246511,-18.399504,-18.938437,99.0,99.0,99.0,99.0,99.0,-18.088453,-18.08289,-18.225416,-18.383724,-18.93349,0.10661389,518
78000065,78000065,78000064,78000054,22000000001627,22000000001627,78000000,-1,-1,0,22,4.5195556,1.3770508,3259,13.288652,16.115942,25.632603,27233,1,1,2,-56.789036,-5.1945577,-19.369122,28,1.3770508,0.01114429,72.89853,73.83182,0.10624617,0.002010824,0.0,0.009695309,0.0754592,0.0,9.9136014E-5,9.547481E-7,0.0,1.0490153E-6,4.6930604E-6,0.3823861,0.0,41.296326,0.0020486675,0.0058277873,-17.934956,-17.81802,-17.861408,-17.886875,-18.048191,99.0,99.0,99.0,99.0,99.0,-17.917805,-17.803797,-17.849783,-17.877972,-18.044981,0.03309009,202
78000066,78000078,78000027,78000028,35000000000442,35000000000442,78000000,78000067,-1,2,35,1.6302707,44.237755,3259,12.904704,15.793823,25.517756,27233,1,1,2,-49.14313,8.007917,-84.28188,29,1.3770508,0.013383702,66.5207,71.076,0.044307448,0.008762464,0.0,0.0,0.0,0.0,2.8671097E-4,2.4029112E-5,0.0,0.0,0.0,0.00260946,0.0,39.85247,0.0034788586,0.0040174956,-15.301726,-15.874196,-16.400639,-16.823118,-17.99125,99.0,99.0,99.0,99.0,99.0,-15.281339,-15.85779,-16.387497,-16.813581,-17.988459,2.2940724,822
78000067,78000078,78000066,78000029,34000000000423,34000000000423,78000000,78000068,-1,2,34,1.766336,37.43857,3259,12.990854,15.836753,25.541021,27233,1,1,2,-210.9234,-99.2213,47.012646,29,1.3770508,0.013383702,66.5207,71.076,0.044527743,0.008731609,0.0,0.0,0.0,0.0,2.8650876E-4,2.383006E-5,0.0,0.0,0.0,0.0042537027,0.0,39.85247,0.0034788586,0.0040174956,-15.467345,-16.0089,-16.518883,-16.932228,-18.087803,99.0,99.0,99.0,99.0,99.0,-15.446686,-15.992284,-16.505583,-16.92258,-18.084986,2.0174863,27
78000068,78000078,78000067,78000030,33000000000441,33000000000441,78000000,78000069,-1,2,33,1.9126327,29.60659,3259,13.068622,15.900679,25.48271,27233,1,1,2,-51.410686,-127.36343,94.45189,29,1.3770508,0.013383702,66.5207,71.076,0.0448709,0.008683553,0.0,0.0,0.0,0.0,2.8617794E-4,2.3522267E-5,0.0,0.0,0.0,0.0067780633,0.0,39.85247,0.0034788586,0.0040174956,-15.674403,-16.18073,-16.672726,-17.07677,-18.222023,99.0,99.0,99.0,99.0,99.0,-15.650331,-16.162037,-16.658022,-17.06616,-18.218943,1.7563179,714
78000069,78000078,78000068,78000031,32000000000465,32000000000465,78000000,78000070,-1,2,32,2.0700274,30.553314,3259,13.059966,15.97196,25.449797,27233,1,1,2,70.345184,-109.43443,29.613455,29,1.3770508,0.013383702,66.5207,71.076,0.045391753,0.008610606,0.0,0.0,0.0,0.0,2.8563928E-4,2.3060302E-5,0.0,0.0,0.0,0.010554347,0.0,39.85247,0.0034788586,0.0040174956,-15.881903,-16.340961,-16.806307,-17.194822,-18.322428,99.0,99.0,99.0,99.0,99.0,-15.860072,-16.323566,-16.792463,-17.184809,-18.319525,1.511381,714
78000070,78000078,78000069,78000032,31000000000455,31000000000455,78000000,78000071,-1,2,31,2.2394855,29.176262,3259,13.021496,16.000328,25.466494,27233,1,1,2,62.11512,23.362925,-67.688614,29,1.3770508,0.013383702,66.5207,71.076,0.046162013,0.008502731,0.0,0.0,0.0,0.0,2.8476244E-4,2.238852E-5,0.0,0.0,0.0,0.016058346,0.0,39.85247,0.0034788586,0.0040174956,-16.092075,-16.508629,-16.95015,-17.3273,-18.44937,99.0,99.0,99.0,99.0,99.0,-16.065891,-16.488745,-16.934738,-17.316286,-18.446249,1.2832515,850
78000071,78000078,78000070,78000033,30000000000399,30000000000399,78000000,78000072,-1,2,30,2.422044,27.368883,3259,13.0285015,15.962375,25.51388,27233,1,1,2,-81.73377,36.03311,-83.56351,29,1.3770508,0.013383702,66.5207,71.076,0.04727167,0.008347324,0.0,0.0,0.0,0.0,2.833344E-4,2.1444188E-5,0.0,0.0,0.0,0.023874711,0.0,39.85247,0.0034788586,0.0040174956,-16.324755,-16.695919,-17.104357,-17.455908,-18.510433,99.0,99.0,99.0,99.0,99.0,-16.306175,-16.680939,-17.092371,-17.447235,-18.50792,1.0722504,897
78000072,78000078,78000071,78000034,29000000000396,29000000000396,78000000,78000073,-1,2,29,2.6188614,23.581993,3259,13.08284,15.993375,25.546638,27233,1,1,2,-75.361115,-131.27127,-12.242678,29,1.3770508,0.013383702,66.5207,71.076,0.048829388,0.008129167,0.0,0.0,0.0,0.0,2.8100872E-4,2.0164121E-5,0.0,0.0,0.0,0.03469259,0.0,39.85247,0.0034788586,0.0040174956,-16.50978,-16.808167,-17.161423,-17.47449,-18.431103,99.0,99.0,99.0,99.0,99.0,-16.484165,-16.789076,-17.14681,-17.464182,-18.428228,0.87828976,316
78000073,78000078,78000072,78000035,28000000000473,28000000000473,78000000,78000074,-1,2,28,2.8311827,17.987726,3259,13.131725,16.108149,25.528856,27233,1,1,2,-144.33633,-257.8228,86.846825,29,1.3770508,0.013383702,66.5207,71.076,0.050960496,0.007830706,0.0,0.0,0.0,0.0,2.7723922E-4,1.8496174E-5,0.0,0.0,0.0,0.04929002,0.0,39.85247,0.0034788586,0.0040174956,-16.702293,-16.946196,-17.262884,-17.558306,-18.480843,99.0,99.0,99.0,99.0,99.0,-16.672943,-16.925137,-17.247198,-17.547443,-18.477915,0.7008348,199
78000074,78000078,78000073,78000036,27000000000421,27000000000421,78000000,78000075,-1,2,27,3.060419,16.09428,3259,13.217445,16.253393,25.448708,27233,1,1,2,-117.61502,-201.65866,130.52046,29,1.3770508,0.013383702,66.5207,71.076,0.053803805,0.0074325027,0.0,0.0,0.0,0.0,2.7119665E-4,1.6414175E-5,0.0,0.0,0.0,0.06850542,0.0,39.85247,0.0034788586,0.0040174956,-16.934267,-17.125137,-17.404495,-17.68285,-18.570278,99.0,99.0,99.0,99.0,99.0,-16.91332,-17.108606,-17.391478,-17.673517,-18.56763,0.5387327,111
78000075,78000078,78000074,78000037,26000000000300,26000000000300,78000000,78000076,-1,2,26,3.3080978,7.659845,3260,13.284845,16.350193,25.390133,27205,1,1,2,-116.135056,-150.3398,72.567314,29,1.3770508,0.013383702,66.5207,71.076,0.057505064,0.006914144,0.0,0.0,0.0,0.0,2.6168712E-4,1.39361455E-5,0.0,0.0,0.0,0.09319497,0.0,39.85247,0.0034788586,0.0040174956,-17.173452,-17.319777,-17.565865,-17.82742,-18.672337,99.0,99.0,99.0,99.0,99.0,-17.15395,-17.304497,-17.55395,-17.818895,-18.669975,0.3900964,263
78000076,78000078,78000075,78000048,25000000002327,25000000002327,78000000,78000077,-1,0,25,3.575905,1.3770508,3260,13.334888,16.434473,25.381584,27205,1,1,2,-80.84776,-123.70181,19.2784,29,1.3770508,0.013383702,66.5207,71.076,0.062209222,0.0062553314,0.0,6.97824E-4,0.15338343,0.0,2.470899E-4,1.1140829E-5,0.0,5.062808E-7,6.3357176E-5,0.12389069,0.0,39.85247,0.0034788586,0.0040174956,-17.426144,-17.539019,-17.764462,-18.017977,-18.82934,99.0,99.0,99.0,99.0,99.0,-17.393925,-17.514566,-17.74594,-18.00494,-18.825949,0.25190002,900
78000077,78000078,78000076,78000049,24000000002186,24000000002186,78000000,78000078,-1,0,24,3.8656828,1.7213135,3260,13.392834,16.498745,25.385149,27205,1,1,2,-64.63087,-118.67846,4.9970217,27,1.7213135,0.0135817,73.8283,76.53616,0.06795834,0.0054391464,0.0,4.5931255E-4,0.15898195,0.0,2.253846E-4,8.183601E-6,0.0,2.8717326E-7,5.241545E-5,0.55517155,0.0,38.91568,0.002068514,0.0015666831,-18.034492,-18.06133,-18.235727,-18.429943,-19.13313,99.0,99.0,99.0,99.0,99.0,-17.96608,-18.007023,-18.193544,-18.399439,-19.124628,0.11895414,836
78000078,78000078,78000077,78000050,23000000002051,23000000002051,78000000,-1,-1,0,23,4.1794686,1.3770508,3259,13.432922,16.550861,25.396212,27233,1,1,2,-56.773403,-112.44379,-1.9194164,26,1.3770508,0.011861482,70.6603,75.90787,0.092012644,0.0020388628,0.0,0.008924902,0.0819598,0.0,9.934178E-5,1.0986129E-6,0.0,1.0896024E-6,5.778592E-6,0.3588557,0.0,41.208843,0.0019480746,0.0062138042,-17.919376,-17.835775,-17.900845,-17.960833,-18.195885,99.0,99.0,99.0,99.0,99.0,-17.882391,-17.804482,-17.875008,-17.940035,-18.187405,0.037565716,703
78000079,78000095,78000025,78000026,37000000000467,37000000000467,78000000,78000080,-1,2,37,1.3857181,53.791046,3259,12.911358,15.805652,25.528742,27233,1,1,2,-100.00483,-48.77838,53.221973,34,2.9262338,0.021536686,76.44253,94.05067,0.03738409,0.12879159,0.0,0.0,0.0,0.0,7.877868E-4,8.4205467E-4,0.0,0.0,0.0,0.0077612954,0.0,0.0,0.002538307,0.024931597,-17.83758,-18.506487,-19.089178,-19.56378,-20.87557,99.0,99.0,99.0,99.0,99.0,-17.628649,-18.334139,-18.949167,-19.461277,-20.845081,2.6148648,235
78000080,78000095,78000079,78000027,36000000000460,36000000000460,78000000,78000081,-1,2,36,1.5036365,52.50006,3259,12.914978,15.800584,25.524572,27233,1,1,2,-23.767725,-39.37162,-115.64552,34,2.9262338,0.021536686,76.44253,94.05067,0.038094755,0.12869205,0.0,0.0,0.0,0.0,7.974765E-4,8.3996466E-4,0.0,0.0,0.0,0.018054228,0.0,0.0,0.002538307,0.024931597,-18.025412,-18.667933,-19.23591,-19.698687,-21.002064,99.0,99.0,99.0,99.0,99.0,-17.810785,-18.491508,-19.092731,-19.593866,-20.970854,2.3085644,470
78000081,78000095,78000080,78000028,35000000000442,35000000000442,78000000,78000082,-1,2,35,1.6302707,44.237755,3259,12.9792795,15.835668,25.52811,27233,1,1,2,-68.43171,-8.935875,140.26347,34,2.9262338,0.021536686,76.44253,94.05067,0.039684802,0.12846938,0.0,0.0,0.0,0.0,8.1880996E-4,8.3533855E-4,0.0,0.0,0.0,0.040576372,0.0,0.0,0.002538307,0.024931597,-18.256643,-18.85396,-19.398582,-19.84741,-21.139938,99.0,99.0,99.0,99.0,99.0,-18.033054,-18.670225,-19.249521,-19.738327,-21.10754,2.0158517,162
78000082,78000095,78000081,78000029,34000000000423,34000000000423,78000000,78000083,-1,2,34,1.766336,37.43857,3259,12.977452,15.812014,25.503082,27233,1,1,2,44.985825,-9.267287,-53.158707,34,2.9262338,0.021536686,76.44253,94.05067,0.0431104,0.12798963,0.0,0.0,0.0,0.0,8.6322066E-4,8.2559575E-4,0.0,0.0,0.0,0.08800999,0.0,0.0,0.002538307,0.024931597,-18.523834,-19.0647,-19.580404,-20.01574,-21.30358,99.0,99.0,99.0,99.0,99.0,-18.281055,-18.865196,-19.418573,-19.89732,-21.268448,1.738656,286
78000083,78000095,78000082,78000030,33000000000441,33000000000441,78000000,78000084,-1,2,33,1.9126327,29.60659,3259,12.984681,15.884317,25.510458,27233,1,1,2,-97.261375,-121.02064,53.52351,34,2.9262338,0.021536686,76.44253,94.05067,0.050210334,0.12699531,0.0,0.0,0.0,0.0,9.491209E-4,8.06286E-4,0.0,0.0,0.0,0.18408567,0.0,0.0,0.002538307,0.024931597,-18.812984,-19.27979,-19.749367,-20.152348,-21.37315,99.0,99.0,99.0,99.0,99.0,-18.556416,-19.072138,-19.581888,-20.029938,-21.336672,1.4795514,425
78000084,78000095,78000083,78000031,32000000000465,32000000000465,78000000,78000085,-1,2,32,2.0700274,30.553314,3259,13.049981,15.935995,25.472797,27233,1,1,2,-103.66254,-126.67237,40.91943,34,2.9262338,0.021536686,76.44253,94.05067,0.06435622,0.1250142,0.0,0.0,0.0,0.0,0.0010993094,7.7080884E-4,0.0,0.0,0.0,0.37114966,0.0,0.0,0.002538307,0.024931597,-19.102482,-19.475494,-19.886244,-20.251469,-21.396826,99.0,99.0,99.0,99.0,99.0,-18.777225,-19.217571,-19.679497,-20.09979,-21.35025,1.2420654,736
78000085,78000095,78000084,78000032,31000000000455,31000000000455,78000000,78000086,-1,2,31,2.2394855,29.176262,3259,13.086116,16.011124,25.47191,27233,1,1,2,-14.370094,-94.74068,-66.76566,34,2.9262338,0.021536686,76.44253,94.05067,0.091442816,0.12122077,0.0,0.0,0.0,0.0,0.0013267277,7.114249E-4,0.0,0.0,0.0,0.7211936,0.0,0.0,0.002538307,0.024931597,-19.42485,-19.71581,-20.079082,-20.418262,-21.514332,99.0,99.0,99.0,99.0,99.0,-19.060009,-19.426311,-19.84746,-20.248537,-21.46273,1.0310223,41
78000086,78000095,78000085,78000033,30000000000399,30000000000399,78000000,78000087,-1,2,30,2.422044,27.368883,3259,13.07582,16.012205,25.517672,27233,1,1,2,67.91267,78.26187,29.158157,34,2.9262338,0.021536686,76.44253,94.05067,0.1412787,0.11424129,0.0,0.0,0.0,0.0,0.0016003221,6.2262797E-4,0.0,0.0,0.0,1.3507829,0.0,0.0,0.002538307,0.024931597,-19.75362,-19.971312,-20.291737,-20.61103,-21.682367,99.0,99.0,99.0,99.0,99.0,-19.416616,-19.7024,-20.077662,-20.455837,-21.637114,0.853565,426
78000087,78000095,78000086,78000055,29000000000397,29000000000396,78000000,78000088,-1,1,29,2.6188614,23.581993,3259,13.031617,15.978617,25.501348,27233,1,1,2,63.38721,-6.8088636,-8.361245,34,2.9262338,0.021536686,76.44253,94.05067,0.22941117,0.10189841,0.0,0.0,0.0,0.0,0.0017860128,5.075345E-4,0.0,0.0,0.0,2.4395483,0.0,0.0,0.002538307,0.024931597,-20.029795,-20.18389,-20.460594,-20.749428,-21.751457,99.0,99.0,99.0,99.0,99.0,-19.705463,-19.928886,-20.260294,-20.60613,-21.710688,0.722712,272
78000088,78000095,78000087,78000056,28000000001278,28000000001278,78000000,78000089,-1,0,28,2.8311827,5.3360715,3259,12.984491,15.991872,25.521748,27233,1,1,2,43.433247,-36.601116,-0.37251097,58,5.3360715,0.024931597,95.94133,104.29275,0.37926826,0.080911055,0.0,0.0,0.33439183,0.0,0.0015599409,3.8782277E-4,0.0,0.0,4.3666252E-4,3.110013,0.0,0.0,0.0037663553,0.024931597,-19.998276,-20.104563,-20.34439,-20.590698,-21.48501,99.0,99.0,99.0,99.0,99.0,-19.897192,-20.026228,-20.283802,-20.547737,-21.473318,0.67405564,908
78000089,78000095,78000088,78000057,27000000001314,27000000001314,78000000,78000090,-1,0,27,3.060419,4.6475463,3259,12.945309,16.021505,25.530895,27233,1,1,2,29.619585,-39.57308,-5.9135113,59,4.6475463,0.022526337,94.196884,92.01319,0.5586703,0.055785965,0.0,0.0,0.07589118,0.0,7.139691E-4,3.241737E-4,0.0,0.0,2.3909863E-5,0.5054784,0.0,44.977245,0.0025035932,0.022874061,-19.74577,-19.807364,-20.013817,-20.20662,-20.948362,99.0,99.0,99.0,99.0,99.0,-19.666067,-19.744898,-19.964762,-20.170517,-20.93777,0.73646003,264
78000090,78000095,78000089,78000058,26000000000301,26000000000300,78000000,78000091,-1,1,26,3.3080978,7.659845,3259,12.933488,16.041487,25.521463,27233,1,1,2,25.207228,-54.78647,12.262035,40,3.442628,0.019255083,87.68843,79.351364,0.03475285,0.05196117,0.0,0.0,0.0,0.0,5.4851285E-4,3.1223474E-4,0.0,0.0,0.0,0.0,0.0,41.283344,0.0036040924,0.014329843,-18.526804,-18.83883,-19.186157,-19.511806,-20.579308,99.0,99.0,99.0,99.0,99.0,-18.464495,-18.787382,-19.144476,-19.48145,-20.570412,0.6074963,613
78000091,78000095,78000090,78000059,25000000001584,25000000001584,78000000,78000092,-1,0,25,3.575905,2.6680357,3259,12.9336815,16.092443,25.513086,27233,1,1,2,15.10263,-45.598217,8.066925,37,2.6680357,0.016684895,82.92854,79.21008,0.03475285,0.05196117,0.0,0.004114614,0.35361958,0.0,5.4851285E-4,3.1223474E-4,0.0,1.8434193E-5,0.0013768899,0.17054276,0.0,41.283344,0.0016725134,0.014329843,-18.949665,-19.165625,-19.45949,-19.760372,-20.784803,99.0,99.0,99.0,99.0,99.0,-18.644924,-18.917702,-19.259817,-19.615213,-20.7425,0.4376045,314
78000092,78000095,78000091,78000060,24000000001296,24000000001296,78000000,78000093,-1,0,24,3.8656828,3.3565612,3259,12.903959,16.106075,25.496353,27233,1,1,2,7.7994347,-43.033157,6.2268896,42,3.3565612,0.016968066,92.23613,91.42255,0.035037458,0.050837647,0.0,0.0056809494,0.43761873,0.0,5.8299E-4,2.9503973E-4,0.0,4.8749167E-5,0.0016762088,1.1127129,0.0,41.34859,9.6929446E-4,0.0108344825,-19.456432,-19.592562,-19.85085,-20.136097,-21.124016,99.0,99.0,99.0,99.0,99.0,-18.494041,-18.788567,-19.18886,-19.643711,-20.973236,0.28704932,993
78000093,78000095,78000092,78000061,23000000001292,23000000001292,78000000,78000094,-1,0,23,4.1794686,3.6147583,3259,12.910728,16.165855,25.502642,27233,1,1,2,-4.807423,-38.978455,6.564425,40,3.6147583,0.016362464,97.473206,103.09838,0.082744025,0.044022568,0.0,0.014208396,0.41952178,0.0,8.623726E-4,2.069614E-4,0.0,4.838073E-5,0.0011992624,2.7182536,0.0,41.680813,9.4280293E-4,0.009089142,-19.952831,-19.993492,-20.191631,-20.426825,-21.313639,99.0,99.0,99.0,99.0,99.0,-18.964754,-19.173218,-19.520601,-19.931011,-21.164352,0.17049198,548
78000094,78000095,78000093,78000062,22000000001117,22000000001117,78000000,78000095,-1,0,22,4.5195556,2.5819702,3259,12.919084,16.180172,25.472721,27233,1,1,2,-6.4566793,-43.361084,5.912662,39,2.5819702,0.013742091,89.89162,92.2054,0.15494165,0.02857863,0.0,0.0,0.235989,0.0,9.470869E-4,7.194025E-5,0.0,0.0,4.8511132E-4,4.376279,0.0,0.0,0.0013101463,0.013742091,-19.979488,-19.994726,-20.174643,-20.369709,-21.16785,99.0,99.0,99.0,99.0,99.0,-19.405987,-19.524397,-19.794064,-20.088379,-21.078331,0.08430002,436
78000095,78000095,78000094,78000063,21000000001192,21000000001192,78000000,-1,-1,0,21,4.888449,2.6680367,3259,12.953615,16.182777,25.506933,27233,1,1,2,-20.78372,-29.652164,13.652524,31,2.6680367,0.013036205,93.818886,80.63363,0.319264,0.0055654338,0.0,0.0,0.09467989,0.0,2.7219745E-4,2.060143E-6,0.0,-1.6940659E-21,1.865999E-5,1.1462061,0.0,0.0,0.0010436253,0.013036205,-19.480955,-19.218647,-19.161184,-19.010937,-18.746677,99.0,99.0,99.0,99.0,99.0,-19.065872,-18.86991,-18.869312,-18.775137,-18.644686,0.010564365,627
78000096,78000118,78000017,78000018,45000000000582,45000000000582,78000000,78000097,-1,2,45,0.6871088,58.43859,836,12.537436,15.426588,25.582169,20210,1,1,2,-135.14813,-74.88204,-290.46948,29,2.4959054,0.028425882,61.45073,77.22082,0.038624633,0.07947279,0.0,0.0,0.0,0.0,8.088595E-4,5.342204E-4,0.0,0.0,0.0,5.866679E-4,0.0,40.95235,0.0033019565,0.014099492,-16.585802,-17.329588,-17.962883,-18.479527,-19.825943,99.0,99.0,99.0,99.0,99.0,-16.026503,-16.8604,-17.577347,-18.194105,-19.739725,4.801538,257
78000097,78000118,78000096,78000019,44000000000563,44000000000563,78000000,78000098,-1,2,44,0.75503564,54.565636,836,12.560226,15.445969,25.655579,20210,1,1,2,-51.929718,-36.59448,-41.83917,29,2.4959054,0.028425882,61.45073,77.22082,0.038689423,0.079463705,0.0,0.0,0.0,0.0,8.0973824E-4,5.3403055E-4,0.0,0.0,0.0,0.0011086353,0.0,40.95235,0.0033019565,0.014099492,-16.671228,-17.407974,-18.037127,-18.551678,-19.902514,99.0,99.0,99.0,99.0,99.0,-16.110289,-16.93765,-17.650644,-18.265472,-19.81591,4.4303164,377
78000098,78000118,78000097,78000020,43000000000549,43000000000549,78000000,78000099,-1,2,43,0.8276991,53.44678,836,12.598392,15.469186,25.64225,20210,1,1,2,-103.21197,-52.36719,95.71089,29,2.4959054,0.028425882,61.45073,77.22082,0.0388105,0.079446755,0.0,0.0,0.0,0.0,8.113787E-4,5.336759E-4,0.0,0.0,0.0,0.002077386,0.0,40.95235,0.0033019565,0.014099492,-16.768415,-17.496252,-18.119825,-18.630253,-19.980795,99.0,99.0,99.0,99.0,99.0,-16.206087,-17.024693,-17.73232,-18.34331,-19.894033,4.0636244,561
78000099,78000118,78000098,78000021,42000000000561,42000000000561,78000000,78000100,-1,2,42,0.9054624,53.10252,836,12.665295,15.515478,25.54368,20210,1,1,2,-165.15446,-179.13213,253.79416,29,2.4959054,0.028425882,61.45073,77.22082,0.039034087,0.07941543,0.0,0.0,0.0,0.0,8.1440044E-4,5.330219E-4,0.0,0.0,0.0,0.0038518752,0.0,40.95235,0.0033019565,0.014099492,-16.885643,-17.60239,-18.219687,-18.726128,-20.076546,99.0,99.0,99.0,99.0,99.0,-16.318987,-17.127602,-17.829493,-18.43704,-19.988907,3.702899,33
78000100,78000118,78000099,78000022,41000000000580,41000000000580,78000000,78000101,-1,2,41,0.98870814,51.12301,836,12.729174,15.622753,25.476055,20211,1,1,2,-88.667175,-209.21864,35.619637,29,2.4959054,0.028425882,61.45073,77.22082,0.03944117,0.07935843,0.0,0.0,0.0,0.0,8.1987784E-4,5.318347E-4,0.0,0.0,0.0,0.0070532016,0.0,40.95235,0.0033019565,0.014099492,-17.022413,-17.725079,-18.333662,-18.833122,-20.177303,99.0,99.0,99.0,99.0,99.0,-16.452402,-17.246752,-17.94048,-18.541918,-20.089266,3.3497193,537
78000101,78000118,78000100,78000023,40000000000537,40000000000537,78000000,78000102,-1,2,40,1.0778745,49.91809,3259,12.765365,15.721222,25.493954,27233,1,1,2,-49.180122,-145.96642,-80.72697,29,2.4959054,0.028425882,61.45073,77.22082,0.040170603,0.07925627,0.0,0.0,0.0,0.0,8.296167E-4,5.2971847E-4,0.0,0.0,0.0,0.012731003,0.0,40.95235,0.0033019565,0.014099492,-17.17531,-17.856014,-18.450464,-18.936914,-20.27007,99.0,99.0,99.0,99.0,99.0,-16.58796,-17.365393,-18.047062,-18.637367,-20.178213,3.0057054,395
78000102,78000118,78000101,78000024,39000000000490,39000000000490,78000000,78000103,-1,2,39,1.173417,49.659893,3259,12.785859,15.76045,25.540249,27233,1,1,2,-64.89618,11.542912,-73.547356,29,2.4959054,0.028425882,61.45073,77.22082,0.0414544,0.07907647,0.0,0.0,0.0,0.0,8.465233E-4,5.260273E-4,0.0,0.0,0.0,0.02261325,0.0,40.95235,0.0033019565,0.014099492,-17.36203,-18.017418,-18.597282,-19.07124,-20.39461,99.0,99.0,99.0,99.0,99.0,-16.761368,-17.514494,-18.183704,-18.764425,-20.301292,2.6727107,183
78000103,78000118,78000102,78000025,38000000000474,38000000000474,78000000,78000104,-1,2,38,1.2758462,52.67219,3259,12.853162,15.69537,25.53016,27233,1,1,2,-104.18183,128.25514,128.43028,29,2.4959054,0.028425882,61.45073,77.22082,0.043670185,0.07876616,0.0,0.0,0.0,0.0,8.7502535E-4,5.1975355E-4,0.0,0.0,0.0,0.03946705,0.0,40.95235,0.0033019565,0.014099492,-17.565119,-18.179012,-18.736961,-19.197018,-20.508312,99.0,99.0,99.0,99.0,99.0,-16.930214,-17.648722,-18.300797,-18.872961,-20.40919,2.352733,320
78000104,78000118,78000103,78000026,37000000000467,37000000000467,78000000,78000105,-1,2,37,1.3857181,53.791046,3259,12.882354,15.674768,25.478962,27233,1,1,2,-61.871265,-19.088327,47.696396,29,2.4959054,0.028425882,61.45073,77.22082,0.047414992,0.078241706,0.0,0.0,0.0,0.0,9.213498E-4,5.09414E-4,0.0,0.0,0.0,0.06759263,0.0,40.95235,0.0033019565,0.014099492,-17.786446,-18.346731,-18.87561,-19.318098,-20.609367,99.0,99.0,99.0,99.0,99.0,-17.179531,-17.84292,-18.462273,-19.011316,-20.515354,2.04798,981
78000105,78000118,78000104,78000083,36000000000461,36000000000460,78000000,78000106,-1,1,36,1.5036365,52.50006,3259,12.914102,15.715243,25.47296,27233,1,1,2,-2.0212767,-121.8608,-0.037022267,29,2.4959054,0.028425882,61.45073,77.22082,0.053604107,0.07737492,0.0,0.0,0.0,0.0,9.932473E-4,4.9299013E-4,0.0,0.0,0.0,0.1522609,0.0,40.95235,0.0033019565,0.014099492,-18.003283,-18.510635,-19.006544,-19.427279,-20.678308,99.0,99.0,99.0,99.0,99.0,-17.347876,-17.958733,-18.551569,-19.089224,-20.575531,1.7608584,690
78000106,78000118,78000105,78000084,34000000000425,34000000000423,78000000,78000107,-1,1,34,1.766336,37.43857,3259,12.980224,15.924678,25.588562,27233,1,1,2,-175.96149,-157.12772,-125.54904,29,2.4959054,0.026092682,64.139366,85.22858,0.07986815,0.07369665,0.0,0.0,0.0,0.0,0.001246884,4.3084042E-4,0.0,0.0,0.0,0.5556684,0.0,40.95235,0.002498465,0.014099492,-18.747242,-19.079296,-19.486889,-19.860193,-21.049492,99.0,99.0,99.0,99.0,99.0,-17.477774,-18.012005,-18.596579,-19.182077,-20.826982,1.2512932,212
78000107,78000118,78000106,78000085,33000000000442,33000000000441,78000000,78000108,-1,1,33,1.9126327,29.60659,3259,13.085184,16.00328,25.637747,27233,1,1,2,-187.39638,-92.29409,-76.49044,52,4.475416,0.030287962,79.71713,96.98167,0.12469498,0.067418694,0.0,0.0,0.0,0.0,0.0015405293,3.443292E-4,0.0,0.0,0.0,0.5914997,0.0,40.95235,0.0037278074,0.014099492,-18.807291,-19.127018,-19.5175,-19.870096,-21.000017,99.0,99.0,99.0,99.0,99.0,-18.112772,-18.559053,-19.054722,-19.525745,-20.89215,1.082301,717
78000108,78000118,78000107,78000086,32000000001240,32000000001240,78000000,78000109,-1,0,32,2.0700274,4.905743,3259,13.178995,16.057516,25.652924,27233,1,1,2,-152.13753,-54.818535,-68.856964,95,4.905743,0.029785948,84.16212,94.57363,0.17014824,0.061053,0.0,0.0065437756,0.45141083,0.0,0.0017144658,2.736767E-4,0.0,2.8245135E-5,0.0010817692,0.0,0.0,40.95235,0.024048286,0.014099492,-18.423717,-18.81307,-19.216444,-19.5716,-20.67907,99.0,99.0,99.0,99.0,99.0,-18.408182,-18.80026,-19.206078,-19.56406,-20.676865,0.9218857,50
78000109,78000118,78000108,78000087,31000000001684,31000000001684,78000000,78000110,-1,0,31,2.2394855,4.991809,3259,13.272207,16.07777,25.673742,27233,1,1,2,-169.05396,-39.537666,-28.41512,60,4.991809,0.028525554,86.75248,92.542816,0.13476503,0.061053,0.0,0.0026130178,0.58586586,0.0,0.0014387826,2.736767E-4,0.0,9.802148E-6,0.0014039797,0.65442264,0.0,40.453022,0.0038117478,0.008961137,-19.112766,-19.338255,-19.652832,-19.958012,-20.96984,99.0,99.0,99.0,99.0,99.0,-18.552069,-18.87426,-19.274324,-19.678635,-20.885681,0.6762519,184
78000110,78000118,78000109,78000088,30000000001455,30000000001455,78000000,78000111,-1,0,30,2.422044,5.1639404,3259,13.381957,16.098621,25.698826,27233,1,1,2,-151.44803,-29.907953,-21.21872,64,5.1639404,0.027423546,89.99094,100.44789,0.17982835,0.05471971,0.0,4.4592793E-4,0.5724913,0.0,0.0015396127,2.1340446E-4,0.0,1.5757216E-6,0.0011244687,1.1034721,0.0,38.91873,0.0037624652,0.0022701742,-19.393244,-19.548628,-19.815403,-20.092329,-21.037657,99.0,99.0,99.0,99.0,99.0,-18.920902,-19.155418,-19.494143,-19.85566,-20.966806,0.5073973,446
78000111,78000118,78000110,78000089,29000000001478,29000000001478,78000000,78000112,-1,0,29,2.6188614,5.3360715,3259,13.481014,16.112076,25.719366,27233,1,1,2,-142.0011,-23.103844,-19.547077,64,5.3360715,0.02631175,93.39119,96.30574,0.2518244,0.044636652,0.0,0.0,0.5112866,0.0,0.001534761,1.4083732E-4,0.0,0.0,6.736991E-4,1.7455252,0.0,0.0,0.0038642278,0.02631175,-19.560791,-19.659868,-19.888409,-20.139423,-21.033295,99.0,99.0,99.0,99.0,99.0,-19.119818,-19.299042,-19.597155,-19.926949,-20.970814,0.37562078,341
78000112,78000118,78000111,78000090,28000000001337,28000000001337,78000000,78000113,-1,0,28,2.8311827,5.4221373,3259,13.5582695,16.118544,25.71787,27233,1,1,2,-121.37449,-20.106014,-17.226418,64,5.4221373,0.025064923,96.4544,101.21253,0.256685,0.02961995,0.0,0.10236398,0.42038134,0.0,0.0011206388,7.095323E-5,0.0,1.3750953E-4,2.2984308E-4,1.7880434,0.0,42.75543,0.0034375577,0.023154225,-19.465553,-19.521805,-19.720778,-19.938566,-20.762333,99.0,99.0,99.0,99.0,99.0,-19.140581,-19.256409,-19.507256,-19.783184,-20.717161,0.3028912,702
78000113,78000118,78000112,78000091,27000000001279,27000000001279,78000000,78000114,-1,0,27,3.060419,5.3360715,3259,13.6225,16.13408,25.718466,27233,1,1,2,-114.709595,-24.280127,-15.900547,65,5.3360715,0.023587933,98.636086,101.06992,0.2582428,0.015174754,0.0,0.31867695,0.21417637,0.0,6.516787E-4,2.3415365E-5,0.0,8.2967395E-5,4.0609782E-5,1.0213646,0.0,43.20424,0.004479609,0.018726403,-18.907179,-18.941233,-19.117214,-19.305243,-19.987764,99.0,99.0,99.0,99.0,99.0,-18.811672,-18.863798,-19.055351,-19.260088,-19.974638,0.3042595,169
78000114,78000118,78000113,78000092,26000000001187,26000000001187,78000000,78000115,-1,0,26,3.3080978,3.5286925,3256,13.706025,16.134682,25.758692,27240,1,1,2,-100.22372,-19.296928,-13.5851,63,3.5286925,0.019414222,88.413155,91.81732,0.21791866,0.0074464106,0.0,0.17790444,0.11044879,0.0,3.4605843E-4,7.358123E-6,0.0,1.8851162E-5,1.964849E-5,0.19159299,0.0,42.9635,0.007940261,0.018243939,-17.65922,-17.739882,-17.940907,-18.150175,-18.808693,99.0,99.0,99.0,99.0,99.0,-17.648546,-17.731148,-17.933867,-18.145031,-18.807173,0.34833542,959
78000115,78000118,78000114,78000093,25000000001089,25000000001089,78000000,78000116,-1,0,25,3.575905,2.4098387,3256,13.700813,16.146336,25.764196,27240,1,1,2,-94.668304,-19.056932,-11.328551,61,2.4098387,0.016128313,80.16217,84.00928,0.16968533,0.0060920008,0.0,0.055023115,0.10653673,0.0,2.8463828E-4,5.157136E-6,0.0,9.085248E-6,2.1750853E-5,0.14211577,0.0,42.40622,0.007810321,0.015319308,-17.49382,-17.570402,-17.770266,-17.99416,-18.671793,99.0,99.0,99.0,99.0,99.0,-17.483694,-17.56215,-17.763638,-17.98934,-18.670383,0.23985656,414
78000116,78000118,78000115,78000094,24000000002275,24000000002275,78000000,78000117,-1,0,24,3.8656828,1.9795104,3256,13.740753,16.161688,25.771223,27240,1,1,2,-74.78658,-13.772526,-32.289185,27,1.9795104,0.014229405,77.349144,84.08506,0.16282073,0.0051557515,0.0,0.0,0.1076229,0.0,2.441235E-4,3.6574797E-6,0.0,0.0,2.3574326E-5,0.5968785,0.0,0.0,0.0044161896,0.014229405,-18.074417,-18.068495,-18.212976,-18.371141,-18.899048,99.0,99.0,99.0,99.0,99.0,-18.0491,-18.047758,-18.196335,-18.358927,-18.895363,0.11111066,714
78000117,78000118,78000116,78000095,23000000002231,23000000002231,78000000,78000118,-1,0,23,4.1794686,1.8073791,3256,13.783803,16.15696,25.774092,27240,1,1,2,-69.029236,-15.722747,-28.249811,24,1.8073791,0.012986896,77.36453,81.26232,0.18854985,0.0015000234,0.0,0.01424068,0.052026212,0.0,7.672871E-5,3.237536E-7,0.0,6.368675E-7,1.2592586E-6,0.22603849,0.0,41.408928,0.0043942817,0.0053027566,-17.636244,-17.537321,-17.584429,-17.619968,-17.739212,99.0,99.0,99.0,99.0,99.0,-17.632492,-17.534176,-17.581842,-17.618,-17.738508,0.048320048,116
78000118,78000118,78000117,78000096,22000000002031,22000000002031,78000000,-1,-1,0,22,4.5195556,0.774591,3256,13.824009,16.163342,25.748913,27240,1,1,2,-71.21059,-11.082354,-24.013186,22,0.774591,0.009199408,60.176407,66.802925,0.0705839,2.1577039E-4,0.0,0.010907634,0.012823955,0.0,1.1229789E-5,1.5113075E-8,0.0,6.469448E-8,4.673945E-8,0.04103173,0.0,41.41662,0.003759293,0.0077958847,-15.83192,-15.859311,-16.000744,-16.11248,-16.320223,99.0,99.0,99.0,99.0,99.0,-15.831471,-15.8589325,-16.00043,-16.112238,-16.320131,0.020979859,877
78000119,78000153,78000007,78000008,55000000000509,55000000000509,78000000,78000120,-1,2,55,0.20754863,74.10255,836,12.152231,15.124699,25.668259,20210,1,1,2,-165.57384,-188.82211,-175.8137,34,2.9262338,0.028743802,66.16866,70.170555,0.060314067,0.043304298,0.0,0.0,0.0,0.0,7.6125324E-4,2.7489517E-4,0.0,0.0,0.0,4.4818935E-5,0.0,40.363045,0.0047968114,0.009039516,-15.413689,-16.216349,-16.89449,-17.4542,-18.849096,99.0,99.0,99.0,99.0,99.0,-15.364511,-16.175774,-16.861635,-17.43028,-18.84209,8.234815,928
78000120,78000153,78000119,78000009,54000000000467,54000000000467,78000000,78000121,-1,2,54,0.24246909,71.86484,836,12.199097,15.153763,25.73894,20210,1,1,2,-115.63541,1.7160672,-196.74132,34,2.9262338,0.028743802,66.16866,70.170555,0.06031869,0.04330365,0.0,0.0,0.0,0.0,7.612774E-4,2.7488702E-4,0.0,0.0,0.0,7.004628E-5,0.0,40.363045,0.0047968114,0.009039516,-15.460566,-16.259357,-16.934772,-17.492233,-18.886337,99.0,99.0,99.0,99.0,99.0,-15.41129,-16.218737,-16.901886,-17.46829,-18.87932,7.8876424,568
78000121,78000153,78000120,78000010,53000000000486,53000000000486,78000000,78000122,-1,2,53,0.2798018,71.00418,836,12.231617,15.146154,25.782372,20210,1,1,2,-82.96189,25.67063,-74.17075,34,2.9262338,0.028743802,66.16866,70.170555,0.06032607,0.043302614,0.0,0.0,0.0,0.0,7.6131616E-4,2.7487395E-4,0.0,0.0,0.0,1.1042942E-4,0.0,40.363045,0.0047968114,0.009039516,-15.509872,-16.30395,-16.975882,-17.53016,-18.921635,99.0,99.0,99.0,99.0,99.0,-15.460531,-16.263298,-16.942974,-17.5062,-18.91461,7.5332584,876
78000122,78000153,78000121,78000011,52000000000464,52000000000464,78000000,78000123,-1,2,52,0.31970343,72.2091,836,12.258462,15.140393,25.795204,20210,1,1,2,-72.6219,4.0103703,-4.4821377,34,2.9262338,0.028743802,66.16866,70.170555,0.0603379,0.04330096,0.0,0.0,0.0,0.0,7.6137827E-4,2.7485305E-4,0.0,0.0,0.0,1.7538814E-4,0.0,40.363045,0.0047968114,0.009039516,-15.561971,-16.350254,-17.017717,-17.567606,-18.954285,99.0,99.0,99.0,99.0,99.0,-15.519499,-16.315233,-16.989367,-17.546968,-18.948242,7.172612,408
78000123,78000153,78000122,78000012,51000000000479,51000000000479,78000000,78000124,-1,2,51,0.36234027,70.05746,836,12.285389,15.146093,25.785727,20210,1,1,2,-73.38384,-34.403652,51.03583,34,2.9262338,0.028743802,66.16866,70.170555,0.06035698,0.043298293,0.0,0.0,0.0,0.0,7.6147844E-4,2.7481935E-4,0.0,0.0,0.0,2.8027841E-4,0.0,40.363045,0.0047968114,0.009039516,-15.618385,-16.399765,-17.061934,-17.606392,-18.986614,99.0,99.0,99.0,99.0,99.0,-15.575829,-16.364702,-17.033554,-17.585733,-18.980562,6.8067694,307
78000124,78000153,78000123,78000013,50000000000487,50000000000487,78000000,78000125,-1,2,50,0.40789944,70.31565,836,12.31369,15.169389,25.75608,20210,1,1,2,-74.70429,-84.58887,98.882095,34,2.9262338,0.028743802,66.16866,70.170555,0.06038783,0.043293975,0.0,0.0,0.0,0.0,7.6164026E-4,2.7476484E-4,0.0,0.0,0.0,4.501101E-4,0.0,40.363045,0.0047968114,0.009039516,-15.677927,-16.450783,-17.10677,-17.64514,-19.018566,99.0,99.0,99.0,99.0,99.0,-15.635267,-16.415665,-17.078352,-17.624453,-19.012505,6.4368315,972
78000125,78000153,78000124,78000014,49000000000455,49000000000455,78000000,78000126,-1,2,49,0.45657724,71.77877,836,12.34592,15.218694,25.704868,20210,1,1,2,-86.557274,-167.38835,158.63765,34,2.9262338,0.028743802,66.16866,70.170555,0.060437825,0.043286968,0.0,0.0,0.0,0.0,7.6190213E-4,2.7467657E-4,0.0,0.0,0.0,7.252488E-4,0.0,40.363045,0.0047968114,0.009039516,-15.742762,-16.5059,-17.155382,-17.688148,-19.0569,99.0,99.0,99.0,99.0,99.0,-15.699429,-16.470465,-17.126749,-17.667303,-19.050766,6.064048,131
78000126,78000153,78000125,78000015,48000000000550,48000000000550,78000000,78000127,-1,2,48,0.5085914,68.42221,836,12.391266,15.326116,25.623722,20210,1,1,2,-154.37949,-373.3093,184.94536,34,2.9262338,0.028743802,66.16866,70.170555,0.060518812,0.043275632,0.0,0.0,0.0,0.0,7.623259E-4,2.745337E-4,0.0,0.0,0.0,0.0011706356,0.0,40.363045,0.0047968114,0.009039516,-15.818315,-16.571568,-17.21505,-17.743437,-19.110943,99.0,99.0,99.0,99.0,99.0,-15.775308,-16.536259,-17.186495,-17.722652,-19.104843,5.689739,299
78000127,78000153,78000126,78000016,47000000000570,47000000000570,78000000,78000128,-1,2,47,0.5641766,66.873024,836,12.464919,15.45976,25.583832,20210,1,1,2,-158.03319,-240.65007,55.063393,34,2.9262338,0.028743802,66.16866,70.170555,0.060649827,0.043257285,0.0,0.0,0.0,0.0,7.630096E-4,2.7430276E-4,0.0,0.0,0.0,0.0018898939,0.0,40.363045,0.0047968114,0.009039516,-15.905974,-16.64821,-17.285425,-17.809437,-19.176537,99.0,99.0,99.0,99.0,99.0,-15.863177,-16.61296,-17.256897,-17.78867,-19.17045,5.3153963,915
78000128,78000153,78000127,78000017,46000000000596,46000000000596,78000000,78000129,-1,2,46,0.6235901,62.569744,836,12.529318,15.549399,25.5664,20210,1,1,2,-133.30565,-162.41496,27.32688,34,2.9262338,0.028743802,66.16866,70.170555,0.06086113,0.043227684,0.0,0.0,0.0,0.0,7.6410756E-4,2.7393084E-4,0.0,0.0,0.0,0.0030467368,0.0,40.363045,0.0047968114,0.009039516,-16.010366,-16.739666,-17.369587,-17.888176,-19.253643,99.0,99.0,99.0,99.0,99.0,-15.966204,-16.703732,-17.34059,-17.867062,-19.247414,4.9426064,352
78000129,78000153,78000128,78000018,45000000000582,45000000000582,78000000,78000130,-1,2,45,0.6871088,58.43859,836,12.587442,15.612602,25.556396,20210,1,1,2,-117.12584,-110.118095,16.367956,34,2.9262338,0.028743802,66.16866,70.170555,0.061200257,0.043180194,0.0,0.0,0.0,0.0,7.6585886E-4,2.7333552E-4,0.0,0.0,0.0,0.0048968066,0.0,40.363045,0.0047968114,0.009039516,-16.131044,-16.843424,-17.463383,-17.973883,-19.332571,99.0,99.0,99.0,99.0,99.0,-16.084341,-16.806183,-17.43347,-17.952076,-19.326038,4.573173,776
78000130,78000153,78000129,78000019,44000000000563,44000000000563,78000000,78000131,-1,2,44,0.75503564,54.565636,3259,12.6386595,15.6541,25.550722,27232,1,1,2,-96.855705,-63.457928,6.948066,34,2.9262338,0.028743802,66.16866,70.170555,0.061741106,0.043104447,0.0,0.0,0.0,0.0,7.6862355E-4,2.7239026E-4,0.0,0.0,0.0,0.00783384,0.0,40.363045,0.0047968114,0.009039516,-16.265581,-16.954851,-17.560926,-18.059633,-19.406996,99.0,99.0,99.0,99.0,99.0,-16.221132,-16.918541,-17.531595,-18.038273,-19.400702,4.209116,575
78000131,78000153,78000130,78000020,43000000000549,43000000000549,78000000,78000132,-1,2,43,0.8276991,53.44678,3259,12.680787,15.673323,25.549944,27232,1,1,2,-74.87612,-12.822727,-5.4683313,34,2.9262338,0.028743802,66.16866,70.170555,0.062596686,0.042984623,0.0,0.0,0.0,0.0,7.729266E-4,2.7090497E-4,0.0,0.0,0.0,0.012454976,0.0,40.363045,0.0047968114,0.009039516,-16.4202,-17.080833,-17.670412,-18.156015,-19.491312,99.0,99.0,99.0,99.0,99.0,-16.374828,-17.043852,-17.64055,-18.13426,-19.484888,3.852703,143
78000132,78000153,78000131,78000021,42000000000561,42000000000561,78000000,78000133,-1,2,42,0.9054624,53.10252,3259,12.710463,15.666623,25.55437,27233,1,1,2,-37.75725,50.258835,-10.416482,34,2.9262338,0.028743802,66.16866,70.170555,0.06393719,0.042796887,0.0,0.0,0.0,0.0,7.7949674E-4,2.6860234E-4,0.0,0.0,0.0,0.019649344,0.0,40.363045,0.0047968114,0.009039516,-16.593536,-17.218277,-17.78838,-18.260853,-19.583838,99.0,99.0,99.0,99.0,99.0,-16.544151,-17.1789,-17.756735,-18.23774,-19.576876,3.5064971,781
78000133,78000153,78000132,78000022,41000000000580,41000000000580,78000000,78000134,-1,2,41,0.98870814,51.12301,836,12.709536,15.613321,25.55582,20211,1,1,2,39.22085,177.55823,23.719276,34,2.9262338,0.028743802,66.16866,70.170555,0.06601375,0.04250606,0.0,0.0,0.0,0.0,7.8927056E-4,2.650929E-4,0.0,0.0,0.0,0.030715989,0.0,40.363045,0.0047968114,0.009039516,-16.785942,-17.367918,-17.915215,-18.373478,-19.681986,99.0,99.0,99.0,99.0,99.0,-16.73351,-17.32636,-17.881853,-18.34907,-19.674566,3.1734843,660
78000134,78000153,78000133,78000023,40000000000537,40000000000537,78000000,78000135,-1,2,40,1.0778745,49.91809,836,12.715118,15.536061,25.524525,20211,1,1,2,-46.514946,38.91464,48.83144,34,2.9262338,0.028743802,66.16866,70.170555,0.06919039,0.042061165,0.0,0.0,0.0,0.0,8.033019E-4,2.598553E-4,0.0,0.0,0.0,0.047511745,0.0,40.363045,0.0047968114,0.009039516,-17.002779,-17.536785,-18.058237,-18.50143,-19.793058,99.0,99.0,99.0,99.0,99.0,-16.95118,-17.494995,-18.024548,-18.476852,-19.78574,2.8569875,379
78000135,78000153,78000134,78000024,39000000000490,39000000000490,78000000,78000136,-1,2,39,1.173417,49.659893,836,12.75055,15.540127,25.512394,20211,1,1,2,-85.06727,-42.875736,0.9886992,34,2.9262338,0.028743802,66.16866,70.170555,0.07398151,0.04139018,0.0,0.0,0.0,0.0,8.2246057E-4,2.5224066E-4,0.0,0.0,0.0,0.07262909,0.0,40.363045,0.0047968114,0.009039516,-17.23882,-17.719507,-18.211185,-18.638054,-19.90862,99.0,99.0,99.0,99.0,99.0,-17.18191,-17.675367,-18.176037,-18.61227,-19.900604,2.5609517,96
78000136,78000153,78000135,78000025,38000000000474,38000000000474,78000000,78000137,-1,2,38,1.2758462,52.67219,836,12.811538,15.57705,25.517292,20211,1,1,2,-129.91452,-104.59334,-9.869757,34,2.9262338,0.028743802,66.16866,70.170555,0.08109816,0.040393505,0.0,0.0,0.0,0.0,8.467656E-4,2.4151945E-4,0.0,0.0,0.0,0.10959986,0.0,40.363045,0.0047968114,0.009039516,-17.478512,-17.901257,-18.357252,-18.761492,-19.994165,99.0,99.0,99.0,99.0,99.0,-17.407831,-17.8484,-18.315687,-18.730747,-19.984064,2.289993,741
78000137,78000153,78000136,78000026,37000000000467,37000000000467,78000000,78000138,-1,2,37,1.3857181,53.791046,3259,12.879434,15.679973,25.522875,27233,1,1,2,-111.182465,-254.4169,-1.503279,34,2.9262338,0.028743802,66.16866,70.170555,0.09149746,0.038937096,0.0,0.0,0.0,0.0,8.7415444E-4,2.2700452E-4,0.0,0.0,0.0,0.16310674,0.0,40.363045,0.0047968114,0.009039516,-17.713848,-18.078686,-18.497507,-18.877174,-20.066788,99.0,99.0,99.0,99.0,99.0,-17.615076,-18.00521,-18.439747,-18.833864,-20.051733,2.0499167,801
78000138,78000153,78000137,78000027,36000000000460,36000000000460,78000000,78000139,-1,2,36,1.5036365,52.50006,3259,12.938654,15.8633585,25.522577,27233,1,1,2,-148.46382,-359.62772,-0.59372944,34,2.9262338,0.028743802,66.16866,70.170555,0.106432326,0.03684547,0.0,0.0,0.0,0.0,8.985474E-4,2.0827174E-4,0.0,0.0,0.0,0.23918758,0.0,40.363045,0.0047968114,0.009039516,-17.922586,-18.229382,-18.608421,-18.960186,-20.081846,99.0,99.0,99.0,99.0,99.0,-17.810568,-18.142702,-18.539194,-18.907955,-20.063723,1.8487844,296
78000139,78000153,78000138,78000068,35000000000443,35000000000442,78000000,78000140,-1,1,35,1.6302707,44.237755,3259,13.002921,16.014206,25.521976,27233,1,1,2,-142.85947,-209.60188,57.692627,34,2.9262338,0.028743802,66.16866,70.170555,0.1274976,0.033895288,0.0,0.0,0.0,0.0,9.072282E-4,1.8547958E-4,0.0,0.0,0.0,0.34539166,0.0,40.363045,0.0047968114,0.009039516,-18.08995,-18.352757,-18.704695,-19.039452,-20.119616,99.0,99.0,99.0,99.0,99.0,-17.993706,-18.277235,-18.644682,-18.994743,-20.105146,1.6995726,325
78000140,78000153,78000139,78000069,34000000000424,34000000000423,78000000,78000141,-1,1,34,1.766336,37.43857,3259,13.082074,16.127014,25.492207,27233,1,1,2,-129.82156,-163.28384,55.941788,40,3.442628,0.02904509,71.39678,70.44254,0.15665668,0.029811583,0.0,0.0,0.0,0.0,8.7777176E-4,1.597707E-4,0.0,0.0,0.0,0.31924316,0.0,40.363045,0.0060245404,0.009039516,-17.999495,-18.24972,-18.592188,-18.921862,-19.986654,99.0,99.0,99.0,99.0,99.0,-17.940485,-18.204811,-18.557669,-18.896841,-19.979351,1.6276118,62
78000141,78000153,78000140,78000070,33000000002203,33000000002203,78000000,78000142,-1,0,33,1.9126327,3.6147583,3259,13.157006,16.214804,25.430073,27233,1,1,2,-132.81049,-128.39188,48.532013,43,3.6147583,0.028206682,74.23925,75.93444,0.18241063,0.02620476,0.0,0.005039703,0.24286415,0.0,8.1799075E-4,1.4173125E-4,0.0,5.158428E-6,3.923376E-4,0.34976503,0.0,40.363045,0.0052989777,0.009039516,-18.105118,-18.298897,-18.606827,-18.907967,-19.934109,99.0,99.0,99.0,99.0,99.0,-18.054728,-18.260958,-18.578266,-18.88765,-19.928679,1.5605123,578
78000142,78000153,78000141,78000071,32000000002074,32000000002074,78000000,78000143,-1,0,32,2.0700274,2.6680357,3260,13.255636,16.28017,25.380825,27205,1,1,2,-124.080444,-110.03364,41.00036,48,2.6680357,0.024313103,68.698235,71.03828,0.1324061,0.022440603,0.0,0.013885097,0.14467086,0.0,6.830056E-4,1.2396694E-4,0.0,1.982984E-5,3.3230236E-4,0.077284746,0.0,41.382633,0.0073206928,0.022445437,-17.163507,-17.535376,-17.95858,-18.331205,-19.497585,99.0,99.0,99.0,99.0,99.0,-17.133673,-17.515133,-17.944122,-18.321249,-19.495047,1.5440004,214
78000143,78000153,78000142,78000072,31000000002268,31000000002268,78000000,78000144,-1,0,31,2.2394855,2.3237731,3260,13.316457,16.327135,25.334105,27205,1,1,2,-121.169075,-94.68775,41.047962,42,2.3237731,0.022107825,67.23476,66.7705,0.10377352,0.021650689,0.0,0.001704192,0.14459535,0.0,6.251053E-4,1.198212E-4,0.0,4.4297462E-6,3.681739E-4,0.0015126216,0.0,40.26222,0.007829689,0.010663478,-16.900112,-17.372564,-17.84122,-18.24406,-19.469324,99.0,99.0,99.0,99.0,99.0,-16.89118,-17.365368,-17.835463,-18.239891,-19.468117,1.3512189,973
78000144,78000153,78000143,78000073,30000000002662,30000000002662,78000000,78000145,-1,0,30,2.422044,2.4959044,3260,13.385096,16.384493,25.315414,27205,1,1,2,-104.60456,-90.70863,46.026184,32,2.4959044,0.0215215,70.623245,70.81299,0.085143305,0.021636048,0.0,0.008761231,0.18772565,0.0,5.1496096E-4,1.197331E-4,0.0,1.5940872E-5,4.7581337E-4,0.14041016,0.0,41.222458,0.003851586,0.018806098,-17.591787,-17.878948,-18.251072,-18.595293,-19.747168,99.0,99.0,99.0,99.0,99.0,-17.54581,-17.844122,-18.224314,-18.576353,-19.741941,1.1195407,352
78000145,78000153,78000144,78000074,29000000002721,29000000002721,78000000,78000146,-1,0,29,2.6188614,2.1516418,3260,13.438949,16.430704,25.300924,27205,1,1,2,-94.18201,-93.39746,42.07457,30,2.1516418,0.01943864,68.995705,70.91202,0.05621546,0.020353038,0.0,0.001049357,0.17980644,0.0,4.4198884E-4,1.1188547E-4,0.0,4.0786545E-6,5.009684E-4,0.064136244,0.0,39.946487,0.0031311433,0.007864211,-17.445845,-17.764994,-18.142714,-18.483145,-19.596773,99.0,99.0,99.0,99.0,99.0,-17.39703,-17.726034,-18.111712,-18.460787,-19.590324,0.965158,366
78000146,78000153,78000145,78000075,28000000002958,28000000002958,78000000,78000147,-1,0,28,2.8311827,2.1516418,3260,13.487661,16.475218,25.286049,27205,1,1,2,-86.48482,-91.47227,32.809456,25,2.1516418,0.018419007,70.8797,70.01745,0.035912152,0.019801274,0.0,0.0038255416,0.20649248,0.0,3.6411273E-4,1.07475484E-4,0.0,1.1389785E-5,5.474764E-4,0.20988128,0.0,40.82903,0.0016574806,0.013729563,-17.757303,-17.983229,-18.300148,-18.600025,-19.632624,99.0,99.0,99.0,99.0,99.0,-17.575048,-17.83909,-18.186117,-18.518053,-19.609095,0.783246,312
78000147,78000153,78000146,78000076,27000000002472,27000000002472,78000000,78000148,-1,0,27,3.060419,1.9795104,3260,13.550872,16.545547,25.266487,27205,1,1,2,-86.515465,-85.90688,25.524439,28,1.9795104,0.016948657,70.87307,73.804214,0.041704006,0.01810569,0.0,0.0011162848,0.18898745,0.0,3.7653878E-4,9.1156595E-5,0.0,3.4172695E-6,4.701004E-4,0.08966689,0.0,40.250885,0.0022564994,0.008371188,-17.641119,-17.879332,-18.194426,-18.495647,-19.517614,99.0,99.0,99.0,99.0,99.0,-17.549849,-17.805752,-18.13556,-18.453098,-19.505291,0.65306836,322
78000148,78000153,78000147,78000077,26000000002533,26000000002533,78000000,78000149,-1,0,26,3.3080978,2.065576,3260,13.569713,16.58491,25.24284,27205,1,1,2,-76.88658,-78.18284,23.551643,27,2.065576,0.016240364,73.95928,71.08097,0.032293085,0.017427213,0.0,0.0038946618,0.21707761,0.0,3.3082627E-4,8.503296E-5,0.0,1.013571E-5,4.904866E-4,0.3016636,0.0,40.91802,0.0012189402,0.012326779,-18.075533,-18.216887,-18.4775,-18.746565,-19.715992,99.0,99.0,99.0,99.0,99.0,-17.707434,-17.932444,-18.256197,-18.589924,-19.67257,0.49351817,759
78000149,78000153,78000148,78000078,25000000002121,25000000002121,78000000,78000150,-1,0,25,3.575905,1.8073791,3260,13.632236,16.643362,25.219051,27207,1,1,2,-73.92911,-72.27566,22.643492,30,1.8073791,0.014653545,72.83217,73.447556,0.03080878,0.015294697,0.0,0.0019047067,0.19268323,0.0,3.4154017E-4,6.341246E-5,0.0,6.3240714E-6,3.9296693E-4,0.2758302,0.0,40.58951,0.0014035885,0.0095500145,-18.025604,-18.169273,-18.426315,-18.701021,-19.647993,99.0,99.0,99.0,99.0,99.0,-17.778278,-17.971289,-18.268738,-18.587645,-19.61551,0.38095075,554
78000150,78000153,78000149,78000079,24000000002113,24000000002113,78000000,78000151,-1,0,24,3.8656828,1.2909851,3260,13.646323,16.681152,25.219929,27207,1,1,2,-70.22498,-66.88434,22.15674,29,1.2909851,0.012339793,67.07746,74.821655,0.043722365,0.013477542,0.0,0.0,0.18477704,0.0,3.7269475E-4,4.58402E-5,0.0,0.0,2.9080946E-4,0.4942637,0.0,0.0,0.0014675924,0.012339793,-18.317116,-18.404207,-18.623737,-18.8728,-19.76205,99.0,99.0,99.0,99.0,99.0,-18.067831,-18.210121,-18.472338,-18.766104,-19.732668,0.261977,851
78000151,78000153,78000150,78000080,23000000001966,23000000001966,78000000,78000152,-1,0,23,4.1794686,1.7213135,3263,13.697442,16.725246,25.224154,27214,1,1,2,-65.74773,-65.59346,19.85764,27,1.7213135,0.012777394,76.1165,79.29686,0.06533791,0.010450305,0.0,0.0,0.1661887,0.0,3.6488156E-4,2.5007545E-5,0.0,0.0,1.6012696E-4,0.71226805,0.0,0.0,0.0017613356,0.012777394,-18.472374,-18.522976,-18.717514,-18.940458,-19.764978,99.0,99.0,99.0,99.0,99.0,-18.339767,-18.416836,-18.633646,-18.880363,-19.748152,0.16715968,67
78000152,78000153,78000151,78000081,22000000002120,22000000002120,78000000,78000153,-1,0,22,4.5195556,1.4631164,3263,13.744576,16.77425,25.219263,27214,1,1,2,-69.78089,-53.382877,18.934114,21,1.4631164,0.011371787,74.38666,78.14854,0.09423348,0.006403507,0.0,0.0,0.10711511,0.0,2.735635E-4,8.437876E-6,0.0,0.0,5.5025255E-5,0.91593874,0.0,0.0,0.0020465537,0.011371787,-18.412136,-18.42211,-18.582476,-18.75564,-19.39022,99.0,99.0,99.0,99.0,99.0,-18.358637,-18.378342,-18.547297,-18.729675,-19.38209,0.08921941,651
78000153,78000153,78000152,78000082,21000000001468,21000000001468,78000000,-1,-1,0,21,4.888449,1.3770508,3263,13.769081,16.808872,25.16583,27214,1,1,2,-65.15923,-59.534447,15.683106,26,1.3770508,0.010456922,75.256325,78.04336,0.12815568,0.0015869307,0.0,0.016285947,0.05557626,0.0,8.003987E-5,5.069914E-7,0.0,1.0030735E-6,1.972722E-6,0.32682976,0.0,41.671036,0.0025625455,0.00633312,-17.501493,-17.306849,-17.304918,-17.257301,-17.28571,99.0,99.0,99.0,99.0,99.0,-17.491875,-17.299084,-17.298655,-17.252607,-17.284103,0.028409524,74
78000154,78000181,78000004,78000005,58000000000503,58000000000503,78000000,78000155,-1,2,58,0.11588337,96.99601,836,12.093989,15.004579,25.685843,20210,1,1,2,-58.22328,-160.252,143.7004,21,1.8073797,0.023431089,57.59681,69.7611,0.0889354,0.0032108156,0.0,0.0,0.0,0.0,1.4690922E-4,3.352578E-6,0.0,0.0,0.0,0.0,0.0,41.86929,0.008165477,0.021882024,-12.848753,-13.531926,-14.133466,-14.595089,-15.689859,99.0,99.0,99.0,99.0,99.0,-12.847366,-13.530783,-14.132541,-14.594417,-15.689663,9.289998,423
78000155,78000181,78000154,78000006,57000000000523,57000000000523,78000000,78000156,-1,2,57,0.14438343,87.27059,836,12.111092,15.051721,25.66319,20210,1,1,2,-70.81338,-181.98198,16.88215,21,1.8073797,0.023431089,57.59681,69.7611,0.0889354,0.0032108156,0.0,0.0,0.0,0.0,1.4690922E-4,3.352578E-6,0.0,0.0,0.0,0.0,0.0,41.86929,0.008165477,0.021882024,-12.883373,-13.564387,-14.164509,-14.625014,-15.71771,99.0,99.0,99.0,99.0,99.0,-12.881986,-13.563243,-14.163584,-14.624341,-15.717513,8.96941,882
78000156,78000181,78000155,78000007,56000000000499,56000000000499,78000000,78000157,-1,2,56,0.17489761,78.49189,836,12.131258,15.098166,25.681206,20210,1,1,2,-74.14158,-127.91574,-140.0935,21,1.8073797,0.023431089,57.59681,69.7611,0.0889354,0.0032108156,0.0,0.0,0.0,0.0,1.4690922E-4,3.352578E-6,0.0,0.0,0.0,0.0,0.0,41.86929,0.008165477,0.021882024,-12.92172,-13.600385,-14.199068,-14.658649,-15.749475,99.0,99.0,99.0,99.0,99.0,-12.920332,-13.59924,-14.198143,-14.657976,-15.749278,8.639179,779
78000157,78000181,78000156,78000008,55000000000509,55000000000509,78000000,78000158,-1,2,55,0.20754863,74.10255,836,12.156961,15.103006,25.737568,20210,1,1,2,-109.156044,79.17062,-149.38234,21,1.8073797,0.023431089,57.59681,69.7611,0.0889354,0.0032108156,0.0,0.0,0.0,0.0,1.4690922E-4,3.352578E-6,0.0,0.0,0.0,0.0,0.0,41.86929,0.008165477,0.021882024,-12.964983,-13.641682,-14.239419,-14.698215,-15.788444,99.0,99.0,99.0,99.0,99.0,-12.963595,-13.640538,-14.238493,-14.697542,-15.788247,8.300025,555
78000158,78000181,78000157,78000009,54000000000467,54000000000467,78000000,78000159,-1,2,54,0.24246909,71.86484,836,12.192927,15.083916,25.754951,20210,1,1,2,-113.80038,29.421743,6.4745092,21,1.8073797,0.023431089,57.59681,69.7611,0.0889354,0.0032108156,0.0,0.0,0.0,0.0,1.4690922E-4,3.352578E-6,0.0,0.0,0.0,0.0,0.0,41.86929,0.008165477,0.021882024,-13.007406,-13.6810055,-14.276977,-14.734258,-15.822492,99.0,99.0,99.0,99.0,99.0,-13.006019,-13.679862,-14.2760515,-14.733584,-15.822295,7.952732,756
78000159,78000181,78000158,78000010,53000000000486,53000000000486,78000000,78000160,-1,2,53,0.2798018,71.00418,836,12.230464,15.089662,25.73919,20210,1,1,2,-106.561615,-61.524906,79.710014,21,1.8073797,0.023431089,57.59681,69.7611,0.0889354,0.0032108156,0.0,0.0,0.0,0.0,1.4690922E-4,3.352578E-6,0.0,0.0,0.0,0.0,0.0,41.86929,0.008165477,0.021882024,-13.051151,-13.720932,-14.314552,-14.769855,-15.855215,99.0,99.0,99.0,99.0,99.0,-13.049764,-13.719789,-14.313627,-14.769182,-15.855019,7.5981655,877
78000160,78000181,78000159,78000011,52000000000464,52000000000464,78000000,78000161,-1,2,52,0.31970343,72.2091,836,12.262842,15.127806,25.702349,20210,1,1,2,-74.0577,-162.96576,124.98819,21,1.8073797,0.023431089,57.59681,69.7611,0.0889354,0.0032108156,0.0,0.0,0.0,0.0,1.4690922E-4,3.352578E-6,0.0,0.0,0.0,0.0,0.0,41.86929,0.008165477,0.021882024,-13.096709,-13.762074,-14.352965,-14.80584,-15.887375,99.0,99.0,99.0,99.0,99.0,-13.095322,-13.760931,-14.35204,-14.805167,-15.887178,7.2372375,717
78000161,78000181,78000160,78000012,51000000000479,51000000000479,78000000,78000162,-1,2,51,0.36234027,70.05746,836,12.27527,15.222837,25.657696,20210,1,1,2,41.16402,-372.17606,64.86861,21,1.8073797,0.023431089,57.59681,69.7611,0.0889354,0.0032108156,0.0,0.0,0.0,0.0,1.4690922E-4,3.352578E-6,0.0,0.0,0.0,0.0,0.0,41.86929,0.008165477,0.021882024,-13.145365,-13.8058815,-14.393715,-14.8439,-15.921845,99.0,99.0,99.0,99.0,99.0,-13.143977,-13.804738,-14.39279,-14.843226,-15.921649,6.8709636,165
78000162,78000181,78000161,78000013,50000000000487,50000000000487,78000000,78000163,-1,2,50,0.40789944,70.31565,836,12.2668,15.330086,25.664337,20210,1,1,2,-22.648697,-190.09242,-28.187948,21,1.8073797,0.023431089,57.59681,69.7611,0.0889354,0.0032108156,0.0,0.0,0.0,0.0,1.4690922E-4,3.352578E-6,0.0,0.0,0.0,0.0,0.0,41.86929,0.008165477,0.021882024,-13.201614,-13.857887,-14.442944,-14.891135,-15.970788,99.0,99.0,99.0,99.0,99.0,-13.200227,-13.856744,-14.4420185,-14.890462,-15.970592,6.5003653,759
78000163,78000181,78000162,78000014,49000000000455,49000000000455,78000000,78000164,-1,2,49,0.45657724,71.77877,836,12.29355,15.381092,25.66965,20210,1,1,2,-99.97509,-77.01789,-0.056984033,21,1.8073797,0.023431089,57.59681,69.7611,0.0889354,0.0032108156,0.0,0.0,0.0,0.0,1.4690922E-4,3.352578E-6,0.0,0.0,0.0,0.0,0.0,41.86929,0.008165477,0.021882024,-13.256744,-13.907532,-14.488881,-14.934644,-16.015663,99.0,99.0,99.0,99.0,99.0,-13.255357,-13.906388,-14.487956,-14.93397,-16.015467,6.126571,585
78000164,78000181,78000163,78000015,48000000000550,48000000000550,78000000,78000165,-1,2,48,0.5085914,68.42221,836,12.353121,15.390583,25.661858,20210,1,1,2,-194.65051,34.468307,43.713745,21,1.8073797,0.023431089,57.59681,69.7611,0.0889354,0.0032108156,0.0,0.0,0.0,0.0,1.4690922E-4,3.352578E-6,0.0,0.0,0.0,0.0,0.0,41.86929,0.008165477,0.021882024,-13.314374,-13.958579,-14.535629,-14.978655,-16.062654,99.0,99.0,99.0,99.0,99.0,-13.312986,-13.957435,-14.534704,-14.977982,-16.062458,5.750733,295
78000165,78000181,78000164,78000016,47000000000570,47000000000570,78000000,78000166,-1,2,47,0.5641766,66.873024,836,12.465939,15.342477,25.617422,20210,1,1,2,-259.40192,134.9594,153.66618,21,1.8073797,0.023431089,57.59681,69.7611,0.0889354,0.0032108156,0.0,0.0,0.0,0.0,1.4690922E-4,3.352578E-6,0.0,0.0,0.0,0.0,0.0,41.86929,0.008165477,0.021882024,-13.3781395,-14.015705,-14.588117,-15.028327,-16.116335,99.0,99.0,99.0,99.0,99.0,-13.376752,-14.014562,-14.587192,-15.027655,-16.116138,5.3740582,619
78000166,78000181,78000165,78000017,46000000000596,46000000000596,78000000,78000167,-1,2,46,0.6235901,62.569744,836,12.540518,15.325483,25.575441,20210,1,1,2,-106.086624,-19.625038,55.69889,21,1.8073797,0.023431089,57.59681,69.7611,0.0889354,0.0032108156,0.0,0.0,0.0,0.0,1.4690922E-4,3.352578E-6,0.0,0.0,0.0,0.0,0.0,41.86929,0.008165477,0.021882024,-13.4444895,-14.075016,-14.642254,-15.079276,-16.169983,99.0,99.0,99.0,99.0,99.0,-13.443102,-14.073872,-14.641329,-15.078604,-16.169786,4.997767,319
78000167,78000181,78000166,78000018,45000000000582,45000000000582,78000000,78000168,-1,2,45,0.6871088,58.43859,836,12.56973,15.35744,25.56269,20210,1,1,2,-16.913925,-129.27847,-3.758317,21,1.8073797,0.023431089,57.59681,69.7611,0.0889354,0.0032108156,0.0,0.0,0.0,0.0,1.4690922E-4,3.352578E-6,0.0,0.0,0.0,0.0,0.0,41.86929,0.008165477,0.021882024,-13.517426,-14.141274,-14.703089,-15.136787,-16.22975,99.0,99.0,99.0,99.0,99.0,-13.516038,-14.140131,-14.702164,-15.136114,-16.229553,4.623123,637
78000168,78000181,78000167,78000019,44000000000563,44000000000563,78000000,78000169,-1,2,44,0.75503564,54.565636,836,12.556827,15.462325,25.584637,20210,1,1,2,8.09286,-317.69135,-87.49436,21,1.8073797,0.023431089,57.59681,69.7611,0.0889354,0.0032108156,0.0,0.0,0.0,0.0,1.4690922E-4,3.352578E-6,0.0,0.0,0.0,0.0,0.0,41.86929,0.008165477,0.021882024,-13.598354,-14.215224,-14.77137,-15.202024,-16.296001,99.0,99.0,99.0,99.0,99.0,-13.596967,-14.21408,-14.770444,-15.201351,-16.295805,4.2513785,952
78000169,78000181,78000168,78000020,43000000000549,43000000000549,78000000,78000170,-1,2,43,0.8276991,53.44678,836,12.584818,15.582969,25.584557,20210,1,1,2,-98.30491,-173.91954,51.06791,21,1.8073797,0.023431089,57.59681,69.7611,0.0889354,0.0032108156,0.0,0.0,0.0,0.0,1.4690922E-4,3.352578E-6,0.0,0.0,0.0,0.0,0.0,41.86929,0.008165477,0.021882024,-13.684996,-14.293954,-14.844033,-15.27198,-16.362772,99.0,99.0,99.0,99.0,99.0,-13.683608,-14.29281,-14.843108,-15.271308,-16.362576,3.8837829,806
78000170,78000181,78000169,78000021,42000000000561,42000000000561,78000000,78000171,-1,2,42,0.9054624,53.10252,3259,12.649374,15.641497,25.552742,27232,1,1,2,-152.9246,-59.36508,69.58145,21,1.8073797,0.023431089,57.59681,69.7611,0.0889354,0.0032108156,0.0,0.0,0.0,0.0,1.4690922E-4,3.352578E-6,0.0,0.0,0.0,0.0,0.0,41.86929,0.008165477,0.021882024,-13.778023,-14.37904,-14.92238,-15.345491,-16.431751,99.0,99.0,99.0,99.0,99.0,-13.776635,-14.377896,-14.921454,-15.344819,-16.431555,3.5215328,5
78000171,78000181,78000170,78000022,41000000000580,41000000000580,78000000,78000172,-1,2,41,0.98870814,51.12301,3259,12.735354,15.637875,25.525707,27233,1,1,2,-155.66364,84.87148,2.1292615,21,1.8073797,0.023431089,57.59681,69.7611,0.0889354,0.0032108156,0.0,0.0,0.0,0.0,1.4690922E-4,3.352578E-6,0.0,0.0,0.0,0.0,0.0,41.86929,0.008165477,0.021882024,-13.894478,-14.490669,-15.02979,-15.449657,-16.538544,99.0,99.0,99.0,99.0,99.0,-13.89309,-14.489525,-15.028865,-15.448984,-16.538347,3.1658356,507
78000172,78000181,78000171,78000023,40000000000537,40000000000537,78000000,78000173,-1,2,40,1.0778745,49.91809,836,12.747891,15.584505,25.563328,20211,1,1,2,90.834045,28.45109,-63.797142,21,1.8073797,0.023431089,57.59681,69.7611,0.0889354,0.0032108156,0.0,0.0,0.0,0.0,1.4690922E-4,3.352578E-6,0.0,0.0,0.0,0.0,0.0,41.86929,0.008165477,0.021882024,-14.007778,-14.59249,-15.124514,-15.540265,-16.62564,99.0,99.0,99.0,99.0,99.0,-14.006391,-14.591347,-15.123589,-15.539592,-16.625444,2.8177488,533
78000173,78000181,78000172,78000024,39000000000490,39000000000490,78000000,78000174,-1,2,39,1.173417,49.659893,836,12.71272,15.60328,25.560656,20211,1,1,2,23.754694,-73.60073,48.35699,21,1.8073797,0.023431089,57.59681,69.7611,0.0889354,0.0032108156,0.0,0.0,0.0,0.0,1.4690922E-4,3.352578E-6,0.0,0.0,0.0,0.0,0.0,41.86929,0.008165477,0.021882024,-14.1304655,-14.69661,-15.217379,-15.625442,-16.694426,99.0,99.0,99.0,99.0,99.0,-14.129078,-14.695467,-15.216454,-15.624768,-16.69423,2.4783442,209
78000174,78000181,78000173,78000025,38000000000474,38000000000474,78000000,78000175,-1,2,38,1.2758462,52.67219,3259,12.719584,15.6537,25.525257,27233,1,1,2,-47.159676,-108.40312,71.8222,21,1.8073797,0.023431089,57.59681,69.7611,0.0889354,0.0032108156,0.0,0.0,0.0,0.0,1.4690922E-4,3.352578E-6,0.0,0.0,0.0,0.0,0.0,41.86929,0.008165477,0.021882024,-14.273286,-14.825544,-15.339841,-15.744438,-16.807623,99.0,99.0,99.0,99.0,99.0,-14.271898,-14.824401,-15.338916,-15.743765,-16.807426,2.148547,263
78000175,78000181,78000174,78000026,37000000000467,37000000000467,78000000,78000176,-1,2,37,1.3857181,53.791046,3259,12.765398,15.72174,25.487509,27233,1,1,2,-116.15813,-132.53778,60.738995,21,1.8073797,0.023431089,57.59681,69.7611,0.0889354,0.0032108156,0.0,0.0,0.0,0.0,1.4690922E-4,3.352578E-6,0.0,0.0,0.0,0.0,0.0,41.86929,0.008165477,0.021882024,-14.473536,-14.99958,-15.500267,-15.89435,-16.942436,99.0,99.0,99.0,99.0,99.0,-14.472148,-14.998436,-15.499342,-15.893677,-16.94224,1.8291899,202
78000176,78000181,78000175,78000027,36000000000460,36000000000460,78000000,78000177,-1,2,36,1.5036365,52.50006,3259,12.861249,15.803921,25.462248,27233,1,1,2,-220.924,-154.08723,44.45557,21,1.8073797,0.023431089,57.59681,69.7611,0.0889354,0.0032108156,0.0,0.0,0.0,0.0,1.4690922E-4,3.352578E-6,0.0,0.0,0.0,0.0,0.0,41.86929,0.008165477,0.021882024,-14.6511965,-15.140595,-15.620163,-16.003618,-17.051004,99.0,99.0,99.0,99.0,99.0,-14.649809,-15.139452,-15.619238,-16.002945,-17.050808,1.521004,577
78000177,78000181,78000176,78000028,35000000000442,35000000000442,78000000,78000178,-1,2,35,1.6302707,44.237755,3259,13.023605,15.868281,25.494535,27233,1,1,2,-303.8199,-72.64155,-183.0413,21,1.8073797,0.023431089,57.59681,69.7611,0.0889354,0.0032108156,0.0,0.0,0.0,0.0,1.4690922E-4,3.352578E-6,0.0,0.0,0.0,0.0,0.0,41.86929,0.008165477,0.021882024,-14.959946,-15.410915,-15.856357,-16.209576,-17.17632,99.0,99.0,99.0,99.0,99.0,-14.958558,-15.409772,-15.855432,-16.208902,-17.176123,1.2245815,356
78000178,78000181,78000177,78000064,34000000000426,34000000000423,78000000,78000179,-1,1,34,1.766336,37.43857,3259,13.155621,15.890009,25.606667,27233,1,1,2,-173.36101,-42.927044,-154.00969,21,1.8073797,0.023431089,57.59681,69.7611,0.0889354,0.0032108156,0.0,0.0,0.0,0.0,1.4690922E-4,3.352578E-6,0.0,0.0,0.0,0.0,0.0,41.86929,0.008165477,0.021882024,-15.20965,-15.565888,-15.939591,-16.246532,-17.090895,99.0,99.0,99.0,99.0,99.0,-15.208262,-15.564744,-15.938666,-16.24586,-17.090698,0.9404332,525
78000179,78000181,78000178,78000065,33000000003247,33000000003247,78000000,78000180,-1,0,33,1.9126327,2.1516418,3259,13.2239,15.910126,25.71732,27233,1,1,2,-124.5736,-49.03285,-141.90585,27,2.1516418,0.023727331,62.449722,63.409492,0.0889354,0.0032108156,0.0,0.049383555,0.08397731,0.0,1.4690922E-4,3.352578E-6,0.0,5.7335888E-6,1.2994907E-5,0.002859823,0.0,41.86929,0.0068103215,0.021882024,-15.671779,-15.90303,-16.199474,-16.468063,-17.256062,99.0,99.0,99.0,99.0,99.0,-15.669785,-15.901386,-16.198145,-16.467096,-17.25578,0.668911,198
78000180,78000181,78000179,78000066,31000000004048,31000000004048,78000000,78000181,-1,0,31,2.2394855,1.8934448,3259,13.367261,15.972782,25.874273,27233,1,1,2,-87.00667,-75.84639,-118.55978,21,1.8934448,0.020649,62.79814,67.867455,0.06441235,0.0031508089,0.0,0.0,0.13313937,0.0,1.4174666E-4,3.2525036E-6,0.0,0.0,2.0832895E-5,0.2247527,0.0,0.0,0.0030058178,0.020649,-17.111383,-17.137133,-17.310188,-17.504461,-18.176403,99.0,99.0,99.0,99.0,99.0,-17.095705,-17.12444,-17.30005,-17.497143,-18.174297,0.17667139,179
78000181,78000181,78000180,78000067,30000000003538,30000000003538,78000000,-1,-1,0,30,2.422044,1.7213135,3259,13.405366,16.042639,25.936783,27233,1,1,2,-72.95211,-78.247765,-104.27962,24,1.7213135,0.019014426,62.39623,65.08573,0.0724081,9.7572576E-4,0.0,0.05654757,0.051953595,0.0,4.88765E-5,3.0993723E-7,0.0,1.4156057E-6,7.519432E-7,0.1067817,0.0,42.00048,0.0033877664,0.017995756,-16.38869,-16.286608,-16.359118,-16.419033,-16.708818,99.0,99.0,99.0,99.0,99.0,-16.385557,-16.284134,-16.357168,-16.417631,-16.7084,0.065834455,387
